issue_type,timestamp_start,timestamp_end,sensor_id,record_count,note
timestamp_gap,2017-03-12 02:00:00,2017-03-12 02:55:00,ALL,12,全网共同缺少12个5分钟时间标签；与当地时间切换相符，不应直接视为检测器故障
zero_speed_candidate,2017-05-05 19:55:00,2017-05-05 19:55:00,400040,1,0值需先作为数据质量候选核查，不得直接解释为车辆完全停止
zero_speed_candidate,2017-05-05 19:55:00,2017-05-05 19:55:00,400057,1,0值需先作为数据质量候选核查，不得直接解释为车辆完全停止
zero_speed_candidate,2017-05-09 20:35:00,2017-05-09 20:35:00,400059,1,0值需先作为数据质量候选核查，不得直接解释为车辆完全停止
zero_speed_candidate,2017-05-05 19:55:00,2017-05-05 19:55:00,400065,1,0值需先作为数据质量候选核查，不得直接解释为车辆完全停止
zero_speed_candidate,2017-04-20 01:40:00,2017-04-20 01:40:00,400085,1,0值需先作为数据质量候选核查，不得直接解释为车辆完全停止
zero_speed_candidate,2017-05-09 20:35:00,2017-05-09 20:35:00,400085,1,0值需先作为数据质量候选核查，不得直接解释为车辆完全停止
zero_speed_candidate,2017-04-20 01:40:00,2017-04-20 01:40:00,400096,1,0值需先作为数据质量候选核查，不得直接解释为车辆完全停止
zero_speed_candidate,2017-04-20 01:40:00,2017-04-20 01:40:00,400104,1,0值需先作为数据质量候选核查，不得直接解释为车辆完全停止
zero_speed_candidate,2017-04-20 01:40:00,2017-04-20 01:40:00,400109,1,0值需先作为数据质量候选核查，不得直接解释为车辆完全停止
zero_speed_candidate,2017-05-05 19:55:00,2017-05-05 19:55:00,400147,1,0值需先作为数据质量候选核查，不得直接解释为车辆完全停止
zero_speed_candidate,2017-05-05 19:55:00,2017-05-05 19:55:00,400158,1,0值需先作为数据质量候选核查，不得直接解释为车辆完全停止
zero_speed_candidate,2017-04-20 01:40:00,2017-04-20 01:40:00,400168,1,0值需先作为数据质量候选核查，不得直接解释为车辆完全停止
zero_speed_candidate,2017-05-05 19:55:00,2017-05-05 19:55:00,400172,1,0值需先作为数据质量候选核查，不得直接解释为车辆完全停止
zero_speed_candidate,2017-04-20 01:40:00,2017-04-20 01:40:00,400174,1,0值需先作为数据质量候选核查，不得直接解释为车辆完全停止
zero_speed_candidate,2017-05-09 20:35:00,2017-05-09 20:35:00,400174,1,0值需先作为数据质量候选核查，不得直接解释为车辆完全停止
zero_speed_candidate,2017-05-05 19:55:00,2017-05-05 19:55:00,400178,1,0值需先作为数据质量候选核查，不得直接解释为车辆完全停止
zero_speed_candidate,2017-05-09 20:35:00,2017-05-09 20:35:00,400185,1,0值需先作为数据质量候选核查，不得直接解释为车辆完全停止
zero_speed_candidate,2017-05-05 19:55:00,2017-05-05 19:55:00,400221,1,0值需先作为数据质量候选核查，不得直接解释为车辆完全停止
zero_speed_candidate,2017-05-09 20:35:00,2017-05-09 20:35:00,400222,1,0值需先作为数据质量候选核查，不得直接解释为车辆完全停止
zero_speed_candidate,2017-04-20 01:40:00,2017-04-20 01:40:00,400227,1,0值需先作为数据质量候选核查，不得直接解释为车辆完全停止
zero_speed_candidate,2017-05-05 19:55:00,2017-05-05 19:55:00,400236,1,0值需先作为数据质量候选核查，不得直接解释为车辆完全停止
zero_speed_candidate,2017-04-20 01:40:00,2017-04-20 01:40:00,400240,1,0值需先作为数据质量候选核查，不得直接解释为车辆完全停止
zero_speed_candidate,2017-05-05 19:55:00,2017-05-05 19:55:00,400246,1,0值需先作为数据质量候选核查，不得直接解释为车辆完全停止
zero_speed_candidate,2017-05-05 19:55:00,2017-05-05 19:55:00,400253,1,0值需先作为数据质量候选核查，不得直接解释为车辆完全停止
zero_speed_candidate,2017-05-05 19:55:00,2017-05-05 19:55:00,400257,1,0值需先作为数据质量候选核查，不得直接解释为车辆完全停止
zero_speed_candidate,2017-05-05 19:55:00,2017-05-05 19:55:00,400258,1,0值需先作为数据质量候选核查，不得直接解释为车辆完全停止
zero_speed_candidate,2017-04-20 01:40:00,2017-04-20 01:40:00,400274,1,0值需先作为数据质量候选核查，不得直接解释为车辆完全停止
zero_speed_candidate,2017-04-20 01:40:00,2017-04-20 01:40:00,400278,1,0值需先作为数据质量候选核查，不得直接解释为车辆完全停止
zero_speed_candidate,2017-05-05 19:55:00,2017-05-05 19:55:00,400280,1,0值需先作为数据质量候选核查，不得直接解释为车辆完全停止
zero_speed_candidate,2017-04-20 01:40:00,2017-04-20 01:40:00,400292,1,0值需先作为数据质量候选核查，不得直接解释为车辆完全停止
zero_speed_candidate,2017-05-05 19:55:00,2017-05-05 19:55:00,400292,1,0值需先作为数据质量候选核查，不得直接解释为车辆完全停止
zero_speed_candidate,2017-04-20 01:40:00,2017-04-20 01:40:00,400372,1,0值需先作为数据质量候选核查，不得直接解释为车辆完全停止
zero_speed_candidate,2017-04-20 01:40:00,2017-04-20 01:40:00,400414,1,0值需先作为数据质量候选核查，不得直接解释为车辆完全停止
zero_speed_candidate,2017-05-05 19:55:00,2017-05-05 19:55:00,400418,1,0值需先作为数据质量候选核查，不得直接解释为车辆完全停止
zero_speed_candidate,2017-04-20 01:40:00,2017-04-20 01:40:00,400429,1,0值需先作为数据质量候选核查，不得直接解释为车辆完全停止
zero_speed_candidate,2017-04-20 01:40:00,2017-04-20 01:40:00,400449,1,0值需先作为数据质量候选核查，不得直接解释为车辆完全停止
zero_speed_candidate,2017-05-05 19:55:00,2017-05-05 19:55:00,400457,1,0值需先作为数据质量候选核查，不得直接解释为车辆完全停止
zero_speed_candidate,2017-05-05 19:55:00,2017-05-05 19:55:00,400479,1,0值需先作为数据质量候选核查，不得直接解释为车辆完全停止
zero_speed_candidate,2017-05-09 20:35:00,2017-05-09 20:35:00,400507,1,0值需先作为数据质量候选核查，不得直接解释为车辆完全停止
zero_speed_candidate,2017-05-05 19:55:00,2017-05-05 19:55:00,400514,1,0值需先作为数据质量候选核查，不得直接解释为车辆完全停止
zero_speed_candidate,2017-05-09 20:35:00,2017-05-09 20:35:00,400519,1,0值需先作为数据质量候选核查，不得直接解释为车辆完全停止
zero_speed_candidate,2017-04-20 01:40:00,2017-04-20 01:40:00,400545,1,0值需先作为数据质量候选核查，不得直接解释为车辆完全停止
zero_speed_candidate,2017-05-05 19:55:00,2017-05-05 19:55:00,400563,1,0值需先作为数据质量候选核查，不得直接解释为车辆完全停止
zero_speed_candidate,2017-04-20 01:40:00,2017-04-20 01:40:00,400582,1,0值需先作为数据质量候选核查，不得直接解释为车辆完全停止
zero_speed_candidate,2017-05-09 20:35:00,2017-05-09 20:35:00,400637,1,0值需先作为数据质量候选核查，不得直接解释为车辆完全停止
zero_speed_candidate,2017-04-20 01:40:00,2017-04-20 01:40:00,400648,1,0值需先作为数据质量候选核查，不得直接解释为车辆完全停止
zero_speed_candidate,2017-05-05 19:55:00,2017-05-05 19:55:00,400654,1,0值需先作为数据质量候选核查，不得直接解释为车辆完全停止
zero_speed_candidate,2017-05-05 19:55:00,2017-05-05 19:55:00,400664,1,0值需先作为数据质量候选核查，不得直接解释为车辆完全停止
zero_speed_candidate,2017-05-05 19:55:00,2017-05-05 19:55:00,400673,1,0值需先作为数据质量候选核查，不得直接解释为车辆完全停止
zero_speed_candidate,2017-04-20 01:40:00,2017-04-20 01:40:00,400677,1,0值需先作为数据质量候选核查，不得直接解释为车辆完全停止
zero_speed_candidate,2017-05-09 20:35:00,2017-05-09 20:35:00,400677,1,0值需先作为数据质量候选核查，不得直接解释为车辆完全停止
zero_speed_candidate,2017-05-09 20:35:00,2017-05-09 20:35:00,400688,1,0值需先作为数据质量候选核查，不得直接解释为车辆完全停止
zero_speed_candidate,2017-05-09 20:35:00,2017-05-09 20:35:00,400690,1,0值需先作为数据质量候选核查，不得直接解释为车辆完全停止
zero_speed_candidate,2017-05-09 20:35:00,2017-05-09 20:35:00,400700,1,0值需先作为数据质量候选核查，不得直接解释为车辆完全停止
zero_speed_candidate,2017-05-09 20:35:00,2017-05-09 20:35:00,400717,1,0值需先作为数据质量候选核查，不得直接解释为车辆完全停止
zero_speed_candidate,2017-04-20 01:40:00,2017-04-20 01:40:00,400723,1,0值需先作为数据质量候选核查，不得直接解释为车辆完全停止
zero_speed_candidate,2017-05-05 19:55:00,2017-05-05 19:55:00,400723,1,0值需先作为数据质量候选核查，不得直接解释为车辆完全停止
zero_speed_candidate,2017-04-20 01:40:00,2017-04-20 01:40:00,400760,1,0值需先作为数据质量候选核查，不得直接解释为车辆完全停止
zero_speed_candidate,2017-05-09 20:35:00,2017-05-09 20:35:00,400772,1,0值需先作为数据质量候选核查，不得直接解释为车辆完全停止
zero_speed_candidate,2017-04-20 01:40:00,2017-04-20 01:40:00,400790,1,0值需先作为数据质量候选核查，不得直接解释为车辆完全停止
zero_speed_candidate,2017-04-20 01:40:00,2017-04-20 01:40:00,400792,1,0值需先作为数据质量候选核查，不得直接解释为车辆完全停止
zero_speed_candidate,2017-04-20 01:40:00,2017-04-20 01:40:00,400799,1,0值需先作为数据质量候选核查，不得直接解释为车辆完全停止
zero_speed_candidate,2017-05-05 19:55:00,2017-05-05 19:55:00,400823,1,0值需先作为数据质量候选核查，不得直接解释为车辆完全停止
zero_speed_candidate,2017-04-20 01:40:00,2017-04-20 01:40:00,400837,1,0值需先作为数据质量候选核查，不得直接解释为车辆完全停止
zero_speed_candidate,2017-05-05 19:55:00,2017-05-05 19:55:00,400837,1,0值需先作为数据质量候选核查，不得直接解释为车辆完全停止
zero_speed_candidate,2017-05-05 19:55:00,2017-05-05 19:55:00,400842,1,0值需先作为数据质量候选核查，不得直接解释为车辆完全停止
zero_speed_candidate,2017-05-05 19:55:00,2017-05-05 19:55:00,400863,1,0值需先作为数据质量候选核查，不得直接解释为车辆完全停止
zero_speed_candidate,2017-04-20 01:40:00,2017-04-20 01:40:00,400873,1,0值需先作为数据质量候选核查，不得直接解释为车辆完全停止
zero_speed_candidate,2017-04-20 01:40:00,2017-04-20 01:40:00,400895,1,0值需先作为数据质量候选核查，不得直接解释为车辆完全停止
zero_speed_candidate,2017-04-20 01:40:00,2017-04-20 01:40:00,400911,1,0值需先作为数据质量候选核查，不得直接解释为车辆完全停止
zero_speed_candidate,2017-05-05 19:55:00,2017-05-05 19:55:00,400916,1,0值需先作为数据质量候选核查，不得直接解释为车辆完全停止
zero_speed_candidate,2017-04-20 01:40:00,2017-04-20 01:40:00,400922,1,0值需先作为数据质量候选核查，不得直接解释为车辆完全停止
zero_speed_candidate,2017-04-20 01:40:00,2017-04-20 01:40:00,400934,1,0值需先作为数据质量候选核查，不得直接解释为车辆完全停止
zero_speed_candidate,2017-05-05 19:55:00,2017-05-05 19:55:00,400951,1,0值需先作为数据质量候选核查，不得直接解释为车辆完全停止
zero_speed_candidate,2017-05-09 20:35:00,2017-05-09 20:35:00,400952,1,0值需先作为数据质量候选核查，不得直接解释为车辆完全停止
zero_speed_candidate,2017-04-20 01:40:00,2017-04-20 01:40:00,400971,1,0值需先作为数据质量候选核查，不得直接解释为车辆完全停止
zero_speed_candidate,2017-04-20 01:40:00,2017-04-20 01:40:00,400973,1,0值需先作为数据质量候选核查，不得直接解释为车辆完全停止
zero_speed_candidate,2017-04-20 01:40:00,2017-04-20 01:40:00,400995,1,0值需先作为数据质量候选核查，不得直接解释为车辆完全停止
zero_speed_candidate,2017-05-05 19:55:00,2017-05-05 19:55:00,400995,1,0值需先作为数据质量候选核查，不得直接解释为车辆完全停止
zero_speed_candidate,2017-04-20 01:40:00,2017-04-20 01:40:00,400996,1,0值需先作为数据质量候选核查，不得直接解释为车辆完全停止
zero_speed_candidate,2017-04-20 01:40:00,2017-04-20 01:40:00,401014,1,0值需先作为数据质量候选核查，不得直接解释为车辆完全停止
zero_speed_candidate,2017-05-05 19:55:00,2017-05-05 19:55:00,401129,1,0值需先作为数据质量候选核查，不得直接解释为车辆完全停止
zero_speed_candidate,2017-04-20 01:40:00,2017-04-20 01:40:00,401154,1,0值需先作为数据质量候选核查，不得直接解释为车辆完全停止
zero_speed_candidate,2017-05-05 19:55:00,2017-05-05 19:55:00,401154,1,0值需先作为数据质量候选核查，不得直接解释为车辆完全停止
zero_speed_candidate,2017-04-20 01:40:00,2017-04-20 01:40:00,401163,1,0值需先作为数据质量候选核查，不得直接解释为车辆完全停止
zero_speed_candidate,2017-05-05 19:55:00,2017-05-05 19:55:00,401163,1,0值需先作为数据质量候选核查，不得直接解释为车辆完全停止
zero_speed_candidate,2017-04-20 01:40:00,2017-04-20 01:40:00,401167,1,0值需先作为数据质量候选核查，不得直接解释为车辆完全停止
zero_speed_candidate,2017-04-20 01:40:00,2017-04-20 01:40:00,401210,1,0值需先作为数据质量候选核查，不得直接解释为车辆完全停止
zero_speed_candidate,2017-05-09 20:35:00,2017-05-09 20:35:00,401210,1,0值需先作为数据质量候选核查，不得直接解释为车辆完全停止
zero_speed_candidate,2017-04-20 01:40:00,2017-04-20 01:40:00,401224,1,0值需先作为数据质量候选核查，不得直接解释为车辆完全停止
zero_speed_candidate,2017-05-05 19:55:00,2017-05-05 19:55:00,401388,1,0值需先作为数据质量候选核查，不得直接解释为车辆完全停止
zero_speed_candidate,2017-04-20 01:40:00,2017-04-20 01:40:00,401403,1,0值需先作为数据质量候选核查，不得直接解释为车辆完全停止
zero_speed_candidate,2017-05-05 19:55:00,2017-05-05 19:55:00,401457,1,0值需先作为数据质量候选核查，不得直接解释为车辆完全停止
zero_speed_candidate,2017-05-05 19:55:00,2017-05-05 19:55:00,401464,1,0值需先作为数据质量候选核查，不得直接解释为车辆完全停止
zero_speed_candidate,2017-05-09 20:35:00,2017-05-09 20:35:00,401495,1,0值需先作为数据质量候选核查，不得直接解释为车辆完全停止
zero_speed_candidate,2017-04-20 01:40:00,2017-04-20 01:40:00,401507,1,0值需先作为数据质量候选核查，不得直接解释为车辆完全停止
zero_speed_candidate,2017-04-20 01:40:00,2017-04-20 01:40:00,401555,1,0值需先作为数据质量候选核查，不得直接解释为车辆完全停止
zero_speed_candidate,2017-05-05 19:55:00,2017-05-05 19:55:00,401567,1,0值需先作为数据质量候选核查，不得直接解释为车辆完全停止
zero_speed_candidate,2017-05-05 19:55:00,2017-05-05 19:55:00,401597,1,0值需先作为数据质量候选核查，不得直接解释为车辆完全停止
zero_speed_candidate,2017-04-20 01:40:00,2017-04-20 01:40:00,401606,1,0值需先作为数据质量候选核查，不得直接解释为车辆完全停止
zero_speed_candidate,2017-05-05 19:55:00,2017-05-05 19:55:00,401606,1,0值需先作为数据质量候选核查，不得直接解释为车辆完全停止
zero_speed_candidate,2017-04-20 01:40:00,2017-04-20 01:40:00,401611,1,0值需先作为数据质量候选核查，不得直接解释为车辆完全停止
zero_speed_candidate,2017-04-20 01:40:00,2017-04-20 01:40:00,401809,1,0值需先作为数据质量候选核查，不得直接解释为车辆完全停止
zero_speed_candidate,2017-05-05 19:55:00,2017-05-05 19:55:00,401810,1,0值需先作为数据质量候选核查，不得直接解释为车辆完全停止
zero_speed_candidate,2017-05-05 19:55:00,2017-05-05 19:55:00,401816,1,0值需先作为数据质量候选核查，不得直接解释为车辆完全停止
zero_speed_candidate,2017-05-05 19:55:00,2017-05-05 19:55:00,401817,1,0值需先作为数据质量候选核查，不得直接解释为车辆完全停止
zero_speed_candidate,2017-05-05 19:55:00,2017-05-05 19:55:00,401845,1,0值需先作为数据质量候选核查，不得直接解释为车辆完全停止
zero_speed_candidate,2017-04-20 01:40:00,2017-04-20 01:40:00,401846,1,0值需先作为数据质量候选核查，不得直接解释为车辆完全停止
zero_speed_candidate,2017-04-20 01:40:00,2017-04-20 01:40:00,401891,1,0值需先作为数据质量候选核查，不得直接解释为车辆完全停止
zero_speed_candidate,2017-04-20 01:40:00,2017-04-20 01:40:00,401908,1,0值需先作为数据质量候选核查，不得直接解释为车辆完全停止
zero_speed_candidate,2017-04-20 01:40:00,2017-04-20 01:40:00,401942,1,0值需先作为数据质量候选核查，不得直接解释为车辆完全停止
zero_speed_candidate,2017-05-05 19:55:00,2017-05-05 19:55:00,401942,1,0值需先作为数据质量候选核查，不得直接解释为车辆完全停止
zero_speed_candidate,2017-04-20 01:40:00,2017-04-20 01:40:00,401943,1,0值需先作为数据质量候选核查，不得直接解释为车辆完全停止
zero_speed_candidate,2017-05-05 19:55:00,2017-05-05 19:55:00,401957,1,0值需先作为数据质量候选核查，不得直接解释为车辆完全停止
zero_speed_candidate,2017-04-20 01:40:00,2017-04-20 01:40:00,401994,1,0值需先作为数据质量候选核查，不得直接解释为车辆完全停止
zero_speed_candidate,2017-05-05 19:55:00,2017-05-05 19:55:00,401994,1,0值需先作为数据质量候选核查，不得直接解释为车辆完全停止
zero_speed_candidate,2017-04-20 01:40:00,2017-04-20 01:40:00,401997,1,0值需先作为数据质量候选核查，不得直接解释为车辆完全停止
zero_speed_candidate,2017-04-20 01:40:00,2017-04-20 01:40:00,402056,1,0值需先作为数据质量候选核查，不得直接解释为车辆完全停止
zero_speed_candidate,2017-05-05 19:55:00,2017-05-05 19:55:00,402056,1,0值需先作为数据质量候选核查，不得直接解释为车辆完全停止
zero_speed_candidate,2017-04-20 01:40:00,2017-04-20 01:40:00,402057,1,0值需先作为数据质量候选核查，不得直接解释为车辆完全停止
zero_speed_candidate,2017-05-05 19:55:00,2017-05-05 19:55:00,402057,1,0值需先作为数据质量候选核查，不得直接解释为车辆完全停止
zero_speed_candidate,2017-04-20 01:40:00,2017-04-20 01:40:00,402060,1,0值需先作为数据质量候选核查，不得直接解释为车辆完全停止
zero_speed_candidate,2017-05-05 19:55:00,2017-05-05 19:55:00,402060,1,0值需先作为数据质量候选核查，不得直接解释为车辆完全停止
zero_speed_candidate,2017-05-05 19:55:00,2017-05-05 19:55:00,402061,1,0值需先作为数据质量候选核查，不得直接解释为车辆完全停止
zero_speed_candidate,2017-04-20 01:40:00,2017-04-20 01:40:00,402067,1,0值需先作为数据质量候选核查，不得直接解释为车辆完全停止
zero_speed_candidate,2017-04-20 01:40:00,2017-04-20 01:40:00,402118,1,0值需先作为数据质量候选核查，不得直接解释为车辆完全停止
zero_speed_candidate,2017-05-05 19:55:00,2017-05-05 19:55:00,402119,1,0值需先作为数据质量候选核查，不得直接解释为车辆完全停止
zero_speed_candidate,2017-04-20 01:40:00,2017-04-20 01:40:00,402120,1,0值需先作为数据质量候选核查，不得直接解释为车辆完全停止
zero_speed_candidate,2017-05-09 20:35:00,2017-05-09 20:35:00,402281,1,0值需先作为数据质量候选核查，不得直接解释为车辆完全停止
zero_speed_candidate,2017-05-09 20:35:00,2017-05-09 20:35:00,402282,1,0值需先作为数据质量候选核查，不得直接解释为车辆完全停止
zero_speed_candidate,2017-05-09 20:35:00,2017-05-09 20:35:00,402283,1,0值需先作为数据质量候选核查，不得直接解释为车辆完全停止
zero_speed_candidate,2017-05-09 20:35:00,2017-05-09 20:35:00,402284,1,0值需先作为数据质量候选核查，不得直接解释为车辆完全停止
zero_speed_candidate,2017-05-09 20:35:00,2017-05-09 20:35:00,402285,1,0值需先作为数据质量候选核查，不得直接解释为车辆完全停止
zero_speed_candidate,2017-05-09 20:35:00,2017-05-09 20:35:00,402286,1,0值需先作为数据质量候选核查，不得直接解释为车辆完全停止
zero_speed_candidate,2017-05-09 20:35:00,2017-05-09 20:35:00,402287,1,0值需先作为数据质量候选核查，不得直接解释为车辆完全停止
zero_speed_candidate,2017-05-05 19:55:00,2017-05-05 19:55:00,402288,1,0值需先作为数据质量候选核查，不得直接解释为车辆完全停止
zero_speed_candidate,2017-05-09 20:35:00,2017-05-09 20:35:00,402288,1,0值需先作为数据质量候选核查，不得直接解释为车辆完全停止
zero_speed_candidate,2017-05-09 20:35:00,2017-05-09 20:35:00,402289,1,0值需先作为数据质量候选核查，不得直接解释为车辆完全停止
zero_speed_candidate,2017-05-09 20:35:00,2017-05-09 20:35:00,402360,1,0值需先作为数据质量候选核查，不得直接解释为车辆完全停止
zero_speed_candidate,2017-05-09 20:35:00,2017-05-09 20:35:00,402363,1,0值需先作为数据质量候选核查，不得直接解释为车辆完全停止
zero_speed_candidate,2017-05-05 19:55:00,2017-05-05 19:55:00,402364,1,0值需先作为数据质量候选核查，不得直接解释为车辆完全停止
zero_speed_candidate,2017-05-05 19:55:00,2017-05-05 19:55:00,402365,1,0值需先作为数据质量候选核查，不得直接解释为车辆完全停止
zero_speed_candidate,2017-05-09 20:35:00,2017-05-09 20:35:00,402365,1,0值需先作为数据质量候选核查，不得直接解释为车辆完全停止
zero_speed_candidate,2017-05-05 19:55:00,2017-05-05 19:55:00,402366,1,0值需先作为数据质量候选核查，不得直接解释为车辆完全停止
zero_speed_candidate,2017-04-20 01:40:00,2017-04-20 01:40:00,402367,1,0值需先作为数据质量候选核查，不得直接解释为车辆完全停止
zero_speed_candidate,2017-05-09 20:35:00,2017-05-09 20:35:00,402367,1,0值需先作为数据质量候选核查，不得直接解释为车辆完全停止
zero_speed_candidate,2017-04-20 01:40:00,2017-04-20 01:40:00,402369,1,0值需先作为数据质量候选核查，不得直接解释为车辆完全停止
zero_speed_candidate,2017-05-09 20:35:00,2017-05-09 20:35:00,402369,1,0值需先作为数据质量候选核查，不得直接解释为车辆完全停止
zero_speed_candidate,2017-05-09 20:35:00,2017-05-09 20:35:00,402371,1,0值需先作为数据质量候选核查，不得直接解释为车辆完全停止
zero_speed_candidate,2017-04-20 01:40:00,2017-04-20 01:40:00,402372,1,0值需先作为数据质量候选核查，不得直接解释为车辆完全停止
zero_speed_candidate,2017-05-09 20:35:00,2017-05-09 20:35:00,402373,1,0值需先作为数据质量候选核查，不得直接解释为车辆完全停止
zero_speed_candidate,2017-04-20 01:40:00,2017-04-20 01:40:00,403225,1,0值需先作为数据质量候选核查，不得直接解释为车辆完全停止
zero_speed_candidate,2017-05-09 20:35:00,2017-05-09 20:35:00,403225,1,0值需先作为数据质量候选核查，不得直接解释为车辆完全停止
zero_speed_candidate,2017-05-09 20:35:00,2017-05-09 20:35:00,403265,1,0值需先作为数据质量候选核查，不得直接解释为车辆完全停止
zero_speed_candidate,2017-04-20 01:40:00,2017-04-20 01:40:00,403329,1,0值需先作为数据质量候选核查，不得直接解释为车辆完全停止
zero_speed_candidate,2017-05-09 20:35:00,2017-05-09 20:35:00,403329,1,0值需先作为数据质量候选核查，不得直接解释为车辆完全停止
zero_speed_candidate,2017-05-09 20:35:00,2017-05-09 20:35:00,403401,1,0值需先作为数据质量候选核查，不得直接解释为车辆完全停止
zero_speed_candidate,2017-05-09 20:35:00,2017-05-09 20:35:00,403402,1,0值需先作为数据质量候选核查，不得直接解释为车辆完全停止
zero_speed_candidate,2017-05-09 20:35:00,2017-05-09 20:35:00,403404,1,0值需先作为数据质量候选核查，不得直接解释为车辆完全停止
zero_speed_candidate,2017-04-20 01:40:00,2017-04-20 01:40:00,403406,1,0值需先作为数据质量候选核查，不得直接解释为车辆完全停止
zero_speed_candidate,2017-05-09 20:35:00,2017-05-09 20:35:00,403406,1,0值需先作为数据质量候选核查，不得直接解释为车辆完全停止
zero_speed_candidate,2017-04-20 01:40:00,2017-04-20 01:40:00,403409,1,0值需先作为数据质量候选核查，不得直接解释为车辆完全停止
zero_speed_candidate,2017-05-09 20:35:00,2017-05-09 20:35:00,403409,1,0值需先作为数据质量候选核查，不得直接解释为车辆完全停止
zero_speed_candidate,2017-05-09 20:35:00,2017-05-09 20:35:00,403412,1,0值需先作为数据质量候选核查，不得直接解释为车辆完全停止
zero_speed_candidate,2017-05-09 20:35:00,2017-05-09 20:35:00,403414,1,0值需先作为数据质量候选核查，不得直接解释为车辆完全停止
zero_speed_candidate,2017-05-09 20:35:00,2017-05-09 20:35:00,403419,1,0值需先作为数据质量候选核查，不得直接解释为车辆完全停止
zero_speed_candidate,2017-04-20 01:40:00,2017-04-20 01:40:00,404370,1,0值需先作为数据质量候选核查，不得直接解释为车辆完全停止
zero_speed_candidate,2017-05-05 19:55:00,2017-05-05 19:55:00,404370,1,0值需先作为数据质量候选核查，不得直接解释为车辆完全停止
zero_speed_candidate,2017-05-09 20:35:00,2017-05-09 20:35:00,404370,1,0值需先作为数据质量候选核查，不得直接解释为车辆完全停止
zero_speed_candidate,2017-05-05 19:55:00,2017-05-05 19:55:00,404434,1,0值需先作为数据质量候选核查，不得直接解释为车辆完全停止
zero_speed_candidate,2017-05-09 20:35:00,2017-05-09 20:35:00,404434,1,0值需先作为数据质量候选核查，不得直接解释为车辆完全停止
zero_speed_candidate,2017-05-05 19:55:00,2017-05-05 19:55:00,404435,1,0值需先作为数据质量候选核查，不得直接解释为车辆完全停止
zero_speed_candidate,2017-05-09 20:35:00,2017-05-09 20:35:00,404435,1,0值需先作为数据质量候选核查，不得直接解释为车辆完全停止
zero_speed_candidate,2017-04-20 01:40:00,2017-04-20 01:40:00,404444,1,0值需先作为数据质量候选核查，不得直接解释为车辆完全停止
zero_speed_candidate,2017-05-05 19:55:00,2017-05-05 19:55:00,404444,1,0值需先作为数据质量候选核查，不得直接解释为车辆完全停止
zero_speed_candidate,2017-05-09 20:35:00,2017-05-09 20:35:00,404444,1,0值需先作为数据质量候选核查，不得直接解释为车辆完全停止
zero_speed_candidate,2017-05-05 19:55:00,2017-05-05 19:55:00,404451,1,0值需先作为数据质量候选核查，不得直接解释为车辆完全停止
zero_speed_candidate,2017-05-09 20:35:00,2017-05-09 20:35:00,404451,1,0值需先作为数据质量候选核查，不得直接解释为车辆完全停止
zero_speed_candidate,2017-05-05 19:55:00,2017-05-05 19:55:00,404452,1,0值需先作为数据质量候选核查，不得直接解释为车辆完全停止
zero_speed_candidate,2017-05-09 20:35:00,2017-05-09 20:35:00,404452,1,0值需先作为数据质量候选核查，不得直接解释为车辆完全停止
zero_speed_candidate,2017-05-05 19:55:00,2017-05-05 19:55:00,404453,1,0值需先作为数据质量候选核查，不得直接解释为车辆完全停止
zero_speed_candidate,2017-05-09 20:35:00,2017-05-09 20:35:00,404453,1,0值需先作为数据质量候选核查，不得直接解释为车辆完全停止
zero_speed_candidate,2017-04-20 01:40:00,2017-04-20 01:40:00,404461,1,0值需先作为数据质量候选核查，不得直接解释为车辆完全停止
zero_speed_candidate,2017-05-05 19:55:00,2017-05-05 19:55:00,404461,1,0值需先作为数据质量候选核查，不得直接解释为车辆完全停止
zero_speed_candidate,2017-05-09 20:35:00,2017-05-09 20:35:00,404461,1,0值需先作为数据质量候选核查，不得直接解释为车辆完全停止
zero_speed_candidate,2017-05-05 19:55:00,2017-05-05 19:55:00,404462,1,0值需先作为数据质量候选核查，不得直接解释为车辆完全停止
zero_speed_candidate,2017-05-09 20:35:00,2017-05-09 20:35:00,404462,1,0值需先作为数据质量候选核查，不得直接解释为车辆完全停止
zero_speed_candidate,2017-05-09 20:35:00,2017-05-09 20:35:00,404521,1,0值需先作为数据质量候选核查，不得直接解释为车辆完全停止
zero_speed_candidate,2017-04-20 01:40:00,2017-04-20 01:40:00,404522,1,0值需先作为数据质量候选核查，不得直接解释为车辆完全停止
zero_speed_candidate,2017-05-09 20:35:00,2017-05-09 20:35:00,404522,1,0值需先作为数据质量候选核查，不得直接解释为车辆完全停止
zero_speed_candidate,2017-05-09 20:35:00,2017-05-09 20:35:00,404553,1,0值需先作为数据质量候选核查，不得直接解释为车辆完全停止
zero_speed_candidate,2017-05-09 20:35:00,2017-05-09 20:35:00,404554,1,0值需先作为数据质量候选核查，不得直接解释为车辆完全停止
zero_speed_candidate,2017-05-09 20:35:00,2017-05-09 20:35:00,404585,1,0值需先作为数据质量候选核查，不得直接解释为车辆完全停止
zero_speed_candidate,2017-04-20 01:40:00,2017-04-20 01:40:00,404586,1,0值需先作为数据质量候选核查，不得直接解释为车辆完全停止
zero_speed_candidate,2017-05-09 20:35:00,2017-05-09 20:35:00,404586,1,0值需先作为数据质量候选核查，不得直接解释为车辆完全停止
zero_speed_candidate,2017-05-05 19:55:00,2017-05-05 19:55:00,404640,1,0值需先作为数据质量候选核查，不得直接解释为车辆完全停止
zero_speed_candidate,2017-05-09 20:35:00,2017-05-09 20:35:00,404640,1,0值需先作为数据质量候选核查，不得直接解释为车辆完全停止
zero_speed_candidate,2017-05-09 20:35:00,2017-05-09 20:35:00,404753,1,0值需先作为数据质量候选核查，不得直接解释为车辆完全停止
zero_speed_candidate,2017-05-09 20:35:00,2017-05-09 20:35:00,404759,1,0值需先作为数据质量候选核查，不得直接解释为车辆完全停止
zero_speed_candidate,2017-04-20 01:40:00,2017-04-20 01:40:00,405613,1,0值需先作为数据质量候选核查，不得直接解释为车辆完全停止
zero_speed_candidate,2017-05-05 19:55:00,2017-05-05 19:55:00,405613,1,0值需先作为数据质量候选核查，不得直接解释为车辆完全停止
zero_speed_candidate,2017-05-09 20:35:00,2017-05-09 20:35:00,405613,1,0值需先作为数据质量候选核查，不得直接解释为车辆完全停止
zero_speed_candidate,2017-05-05 19:55:00,2017-05-05 19:55:00,405619,1,0值需先作为数据质量候选核查，不得直接解释为车辆完全停止
zero_speed_candidate,2017-05-09 20:35:00,2017-05-09 20:35:00,405619,1,0值需先作为数据质量候选核查，不得直接解释为车辆完全停止
zero_speed_candidate,2017-04-20 01:40:00,2017-04-20 01:40:00,405701,1,0值需先作为数据质量候选核查，不得直接解释为车辆完全停止
zero_speed_candidate,2017-05-09 20:35:00,2017-05-09 20:35:00,405701,1,0值需先作为数据质量候选核查，不得直接解释为车辆完全停止
zero_speed_candidate,2017-05-09 20:35:00,2017-05-09 20:35:00,407150,1,0值需先作为数据质量候选核查，不得直接解释为车辆完全停止
zero_speed_candidate,2017-05-09 20:35:00,2017-05-09 20:35:00,407151,1,0值需先作为数据质量候选核查，不得直接解释为车辆完全停止
zero_speed_candidate,2017-04-20 01:40:00,2017-04-20 01:40:00,407152,1,0值需先作为数据质量候选核查，不得直接解释为车辆完全停止
zero_speed_candidate,2017-05-09 20:35:00,2017-05-09 20:35:00,407152,1,0值需先作为数据质量候选核查，不得直接解释为车辆完全停止
zero_speed_candidate,2017-04-20 01:40:00,2017-04-20 01:40:00,407153,1,0值需先作为数据质量候选核查，不得直接解释为车辆完全停止
zero_speed_candidate,2017-05-09 20:35:00,2017-05-09 20:35:00,407153,1,0值需先作为数据质量候选核查，不得直接解释为车辆完全停止
zero_speed_candidate,2017-05-09 20:35:00,2017-05-09 20:35:00,407155,1,0值需先作为数据质量候选核查，不得直接解释为车辆完全停止
zero_speed_candidate,2017-05-09 20:35:00,2017-05-09 20:35:00,407157,1,0值需先作为数据质量候选核查，不得直接解释为车辆完全停止
zero_speed_candidate,2017-05-09 20:35:00,2017-05-09 20:35:00,407161,1,0值需先作为数据质量候选核查，不得直接解释为车辆完全停止
zero_speed_candidate,2017-05-09 20:35:00,2017-05-09 20:35:00,407165,1,0值需先作为数据质量候选核查，不得直接解释为车辆完全停止
zero_speed_candidate,2017-04-20 01:40:00,2017-04-20 01:40:00,407172,1,0值需先作为数据质量候选核查，不得直接解释为车辆完全停止
zero_speed_candidate,2017-05-09 20:35:00,2017-05-09 20:35:00,407172,1,0值需先作为数据质量候选核查，不得直接解释为车辆完全停止
zero_speed_candidate,2017-04-20 01:40:00,2017-04-20 01:40:00,407173,1,0值需先作为数据质量候选核查，不得直接解释为车辆完全停止
zero_speed_candidate,2017-05-09 20:35:00,2017-05-09 20:35:00,407173,1,0值需先作为数据质量候选核查，不得直接解释为车辆完全停止
zero_speed_candidate,2017-05-09 20:35:00,2017-05-09 20:35:00,407174,1,0值需先作为数据质量候选核查，不得直接解释为车辆完全停止
zero_speed_candidate,2017-05-09 20:35:00,2017-05-09 20:35:00,407176,1,0值需先作为数据质量候选核查，不得直接解释为车辆完全停止
zero_speed_candidate,2017-05-09 20:35:00,2017-05-09 20:35:00,407177,1,0值需先作为数据质量候选核查，不得直接解释为车辆完全停止
zero_speed_candidate,2017-04-20 01:40:00,2017-04-20 01:40:00,407179,1,0值需先作为数据质量候选核查，不得直接解释为车辆完全停止
zero_speed_candidate,2017-05-09 20:35:00,2017-05-09 20:35:00,407179,1,0值需先作为数据质量候选核查，不得直接解释为车辆完全停止
zero_speed_candidate,2017-05-09 20:35:00,2017-05-09 20:35:00,407180,1,0值需先作为数据质量候选核查，不得直接解释为车辆完全停止
zero_speed_candidate,2017-04-20 01:40:00,2017-04-20 01:40:00,407181,1,0值需先作为数据质量候选核查，不得直接解释为车辆完全停止
zero_speed_candidate,2017-05-09 20:35:00,2017-05-09 20:35:00,407181,1,0值需先作为数据质量候选核查，不得直接解释为车辆完全停止
zero_speed_candidate,2017-05-09 20:35:00,2017-05-09 20:35:00,407184,1,0值需先作为数据质量候选核查，不得直接解释为车辆完全停止
zero_speed_candidate,2017-05-09 20:35:00,2017-05-09 20:35:00,407185,1,0值需先作为数据质量候选核查，不得直接解释为车辆完全停止
zero_speed_candidate,2017-05-09 20:35:00,2017-05-09 20:35:00,407186,1,0值需先作为数据质量候选核查，不得直接解释为车辆完全停止
zero_speed_candidate,2017-05-09 20:35:00,2017-05-09 20:35:00,407187,1,0值需先作为数据质量候选核查，不得直接解释为车辆完全停止
zero_speed_candidate,2017-05-09 20:35:00,2017-05-09 20:35:00,407190,1,0值需先作为数据质量候选核查，不得直接解释为车辆完全停止
zero_speed_candidate,2017-05-09 20:35:00,2017-05-09 20:35:00,407191,1,0值需先作为数据质量候选核查，不得直接解释为车辆完全停止
zero_speed_candidate,2017-05-05 19:55:00,2017-05-05 19:55:00,407194,1,0值需先作为数据质量候选核查，不得直接解释为车辆完全停止
zero_speed_candidate,2017-05-09 20:35:00,2017-05-09 20:35:00,407194,1,0值需先作为数据质量候选核查，不得直接解释为车辆完全停止
zero_speed_candidate,2017-05-09 20:35:00,2017-05-09 20:35:00,407200,1,0值需先作为数据质量候选核查，不得直接解释为车辆完全停止
zero_speed_candidate,2017-05-09 20:35:00,2017-05-09 20:35:00,407202,1,0值需先作为数据质量候选核查，不得直接解释为车辆完全停止
zero_speed_candidate,2017-05-09 20:35:00,2017-05-09 20:35:00,407204,1,0值需先作为数据质量候选核查，不得直接解释为车辆完全停止
zero_speed_candidate,2017-05-09 20:35:00,2017-05-09 20:35:00,407206,1,0值需先作为数据质量候选核查，不得直接解释为车辆完全停止
zero_speed_candidate,2017-05-09 20:35:00,2017-05-09 20:35:00,407207,1,0值需先作为数据质量候选核查，不得直接解释为车辆完全停止
zero_speed_candidate,2017-04-20 01:40:00,2017-04-20 01:40:00,407321,1,0值需先作为数据质量候选核查，不得直接解释为车辆完全停止
zero_speed_candidate,2017-05-09 20:35:00,2017-05-09 20:35:00,407321,1,0值需先作为数据质量候选核查，不得直接解释为车辆完全停止
zero_speed_candidate,2017-04-20 01:40:00,2017-04-20 01:40:00,407323,1,0值需先作为数据质量候选核查，不得直接解释为车辆完全停止
zero_speed_candidate,2017-05-09 20:35:00,2017-05-09 20:35:00,407323,1,0值需先作为数据质量候选核查，不得直接解释为车辆完全停止
zero_speed_candidate,2017-05-09 20:35:00,2017-05-09 20:35:00,407325,1,0值需先作为数据质量候选核查，不得直接解释为车辆完全停止
zero_speed_candidate,2017-05-09 20:35:00,2017-05-09 20:35:00,407328,1,0值需先作为数据质量候选核查，不得直接解释为车辆完全停止
zero_speed_candidate,2017-05-09 20:35:00,2017-05-09 20:35:00,407331,1,0值需先作为数据质量候选核查，不得直接解释为车辆完全停止
zero_speed_candidate,2017-05-09 20:35:00,2017-05-09 20:35:00,407332,1,0值需先作为数据质量候选核查，不得直接解释为车辆完全停止
zero_speed_candidate,2017-05-09 20:35:00,2017-05-09 20:35:00,407335,1,0值需先作为数据质量候选核查，不得直接解释为车辆完全停止
zero_speed_candidate,2017-04-20 01:40:00,2017-04-20 01:40:00,407336,1,0值需先作为数据质量候选核查，不得直接解释为车辆完全停止
zero_speed_candidate,2017-05-09 20:35:00,2017-05-09 20:35:00,407336,1,0值需先作为数据质量候选核查，不得直接解释为车辆完全停止
zero_speed_candidate,2017-05-05 19:55:00,2017-05-05 19:55:00,407337,1,0值需先作为数据质量候选核查，不得直接解释为车辆完全停止
zero_speed_candidate,2017-05-09 20:35:00,2017-05-09 20:35:00,407337,1,0值需先作为数据质量候选核查，不得直接解释为车辆完全停止
zero_speed_candidate,2017-05-05 19:55:00,2017-05-05 19:55:00,407339,1,0值需先作为数据质量候选核查，不得直接解释为车辆完全停止
zero_speed_candidate,2017-05-09 20:35:00,2017-05-09 20:35:00,407339,1,0值需先作为数据质量候选核查，不得直接解释为车辆完全停止
zero_speed_candidate,2017-04-20 01:40:00,2017-04-20 01:40:00,407341,1,0值需先作为数据质量候选核查，不得直接解释为车辆完全停止
zero_speed_candidate,2017-05-09 20:35:00,2017-05-09 20:35:00,407341,1,0值需先作为数据质量候选核查，不得直接解释为车辆完全停止
zero_speed_candidate,2017-05-09 20:35:00,2017-05-09 20:35:00,407342,1,0值需先作为数据质量候选核查，不得直接解释为车辆完全停止
zero_speed_candidate,2017-05-09 20:35:00,2017-05-09 20:35:00,407344,1,0值需先作为数据质量候选核查，不得直接解释为车辆完全停止
zero_speed_candidate,2017-05-09 20:35:00,2017-05-09 20:35:00,407348,1,0值需先作为数据质量候选核查，不得直接解释为车辆完全停止
zero_speed_candidate,2017-05-09 20:35:00,2017-05-09 20:35:00,407352,1,0值需先作为数据质量候选核查，不得直接解释为车辆完全停止
zero_speed_candidate,2017-04-20 01:40:00,2017-04-20 01:40:00,407359,1,0值需先作为数据质量候选核查，不得直接解释为车辆完全停止
zero_speed_candidate,2017-05-09 20:35:00,2017-05-09 20:35:00,407359,1,0值需先作为数据质量候选核查，不得直接解释为车辆完全停止
zero_speed_candidate,2017-05-09 20:35:00,2017-05-09 20:35:00,407360,1,0值需先作为数据质量候选核查，不得直接解释为车辆完全停止
zero_speed_candidate,2017-05-09 20:35:00,2017-05-09 20:35:00,407361,1,0值需先作为数据质量候选核查，不得直接解释为车辆完全停止
zero_speed_candidate,2017-04-20 01:40:00,2017-04-20 01:40:00,407364,1,0值需先作为数据质量候选核查，不得直接解释为车辆完全停止
zero_speed_candidate,2017-05-05 19:55:00,2017-05-05 19:55:00,407364,1,0值需先作为数据质量候选核查，不得直接解释为车辆完全停止
zero_speed_candidate,2017-05-09 20:35:00,2017-05-09 20:35:00,407364,1,0值需先作为数据质量候选核查，不得直接解释为车辆完全停止
zero_speed_candidate,2017-05-09 20:35:00,2017-05-09 20:35:00,407367,1,0值需先作为数据质量候选核查，不得直接解释为车辆完全停止
zero_speed_candidate,2017-05-05 19:55:00,2017-05-05 19:55:00,407370,1,0值需先作为数据质量候选核查，不得直接解释为车辆完全停止
zero_speed_candidate,2017-05-09 20:35:00,2017-05-09 20:35:00,407370,1,0值需先作为数据质量候选核查，不得直接解释为车辆完全停止
zero_speed_candidate,2017-05-09 20:35:00,2017-05-09 20:35:00,407372,1,0值需先作为数据质量候选核查，不得直接解释为车辆完全停止
zero_speed_candidate,2017-04-20 01:40:00,2017-04-20 01:40:00,407373,1,0值需先作为数据质量候选核查，不得直接解释为车辆完全停止
zero_speed_candidate,2017-05-05 19:55:00,2017-05-05 19:55:00,407373,1,0值需先作为数据质量候选核查，不得直接解释为车辆完全停止
zero_speed_candidate,2017-05-09 20:35:00,2017-05-09 20:35:00,407373,1,0值需先作为数据质量候选核查，不得直接解释为车辆完全停止
zero_speed_candidate,2017-05-09 20:35:00,2017-05-09 20:35:00,407374,1,0值需先作为数据质量候选核查，不得直接解释为车辆完全停止
zero_speed_candidate,2017-04-20 01:40:00,2017-04-20 01:40:00,407710,1,0值需先作为数据质量候选核查，不得直接解释为车辆完全停止
zero_speed_candidate,2017-05-09 20:35:00,2017-05-09 20:35:00,407710,1,0值需先作为数据质量候选核查，不得直接解释为车辆完全停止
zero_speed_candidate,2017-05-09 20:35:00,2017-05-09 20:35:00,407711,1,0值需先作为数据质量候选核查，不得直接解释为车辆完全停止
zero_speed_candidate,2017-04-20 01:40:00,2017-04-20 01:40:00,408907,1,0值需先作为数据质量候选核查，不得直接解释为车辆完全停止
zero_speed_candidate,2017-05-05 19:55:00,2017-05-05 19:55:00,408907,1,0值需先作为数据质量候选核查，不得直接解释为车辆完全停止
zero_speed_candidate,2017-05-09 20:35:00,2017-05-09 20:35:00,408907,1,0值需先作为数据质量候选核查，不得直接解释为车辆完全停止
zero_speed_candidate,2017-05-09 20:35:00,2017-05-09 20:35:00,408911,1,0值需先作为数据质量候选核查，不得直接解释为车辆完全停止
zero_speed_candidate,2017-04-20 01:40:00,2017-04-20 01:40:00,409524,1,0值需先作为数据质量候选核查，不得直接解释为车辆完全停止
zero_speed_candidate,2017-05-09 20:35:00,2017-05-09 20:35:00,409524,1,0值需先作为数据质量候选核查，不得直接解释为车辆完全停止
zero_speed_candidate,2017-05-09 20:35:00,2017-05-09 20:35:00,409525,1,0值需先作为数据质量候选核查，不得直接解释为车辆完全停止
zero_speed_candidate,2017-04-20 01:40:00,2017-04-20 01:40:00,409526,1,0值需先作为数据质量候选核查，不得直接解释为车辆完全停止
zero_speed_candidate,2017-05-05 19:55:00,2017-05-05 19:55:00,409526,1,0值需先作为数据质量候选核查，不得直接解释为车辆完全停止
zero_speed_candidate,2017-05-09 20:35:00,2017-05-09 20:35:00,409526,1,0值需先作为数据质量候选核查，不得直接解释为车辆完全停止
zero_speed_candidate,2017-05-09 20:35:00,2017-05-09 20:35:00,409528,1,0值需先作为数据质量候选核查，不得直接解释为车辆完全停止
zero_speed_candidate,2017-05-05 19:55:00,2017-05-05 19:55:00,409529,1,0值需先作为数据质量候选核查，不得直接解释为车辆完全停止
zero_speed_candidate,2017-05-09 20:35:00,2017-05-09 20:35:00,409529,1,0值需先作为数据质量候选核查，不得直接解释为车辆完全停止
zero_speed_candidate,2017-05-05 19:55:00,2017-05-05 19:55:00,413026,1,0值需先作为数据质量候选核查，不得直接解释为车辆完全停止
zero_speed_candidate,2017-05-09 20:35:00,2017-05-09 20:35:00,413026,1,0值需先作为数据质量候选核查，不得直接解释为车辆完全停止
zero_speed_candidate,2017-05-05 19:55:00,2017-05-05 19:55:00,413845,1,0值需先作为数据质量候选核查，不得直接解释为车辆完全停止
zero_speed_candidate,2017-05-09 20:35:00,2017-05-09 20:35:00,413845,1,0值需先作为数据质量候选核查，不得直接解释为车辆完全停止
zero_speed_candidate,2017-04-20 01:40:00,2017-04-20 01:40:00,413877,1,0值需先作为数据质量候选核查，不得直接解释为车辆完全停止
zero_speed_candidate,2017-05-09 20:35:00,2017-05-09 20:35:00,413877,1,0值需先作为数据质量候选核查，不得直接解释为车辆完全停止
zero_speed_candidate,2017-05-05 19:55:00,2017-05-05 19:55:00,413878,1,0值需先作为数据质量候选核查，不得直接解释为车辆完全停止
zero_speed_candidate,2017-05-09 20:35:00,2017-05-09 20:35:00,413878,1,0值需先作为数据质量候选核查，不得直接解释为车辆完全停止
zero_speed_candidate,2017-05-05 19:55:00,2017-05-05 19:55:00,414284,1,0值需先作为数据质量候选核查，不得直接解释为车辆完全停止
zero_speed_candidate,2017-05-09 20:35:00,2017-05-09 20:35:00,414284,1,0值需先作为数据质量候选核查，不得直接解释为车辆完全停止
zero_speed_candidate,2017-05-09 20:35:00,2017-05-09 20:35:00,414694,1,0值需先作为数据质量候选核查，不得直接解释为车辆完全停止
