timestamp,400001,400017,400030,400040,400045,400052,400057,400059,400065,400069,400073,400084
2017-01-03 00:00:00,71.0,67.8,70.4,67.4,68.5,66.3,66.4,67.8,66.5,68.0,67.8,67.4
2017-01-03 00:05:00,71.2,67.7,70.4,66.8,68.3,66.8,66.2,67.6,66.8,67.8,67.6,67.6
2017-01-03 00:10:00,70.8,68.0,70.5,67.4,68.2,66.8,66.5,67.5,66.5,68.3,67.7,67.0
2017-01-03 00:15:00,71.3,67.5,70.2,67.2,68.1,66.6,66.2,67.5,65.7,68.8,67.6,67.1
2017-01-03 00:20:00,70.1,67.1,70.1,67.2,68.0,66.9,66.4,67.5,66.0,68.2,67.5,67.6
2017-01-03 00:25:00,71.2,67.0,70.0,66.5,68.0,67.8,66.8,67.5,68.1,67.8,67.5,67.1
2017-01-03 00:30:00,71.3,67.6,69.4,67.0,67.9,66.9,65.8,67.3,68.1,67.9,67.4,67.1
2017-01-03 00:35:00,71.0,67.4,70.0,67.4,67.8,67.1,66.5,67.4,68.1,67.5,67.4,66.6
2017-01-03 00:40:00,71.2,67.2,69.9,67.8,67.9,67.0,67.0,67.4,65.9,67.8,67.6,66.7
2017-01-03 00:45:00,71.5,67.8,69.8,67.7,67.8,66.7,66.3,67.1,67.1,68.0,67.2,66.7
2017-01-03 00:50:00,71.4,67.1,70.2,66.9,67.8,66.6,65.5,67.2,65.1,67.9,67.5,66.8
2017-01-03 00:55:00,71.5,67.2,70.3,67.1,67.6,66.4,65.2,67.5,68.1,67.7,67.4,67.0
2017-01-03 01:00:00,70.5,67.4,70.2,66.9,67.5,67.0,66.2,67.4,68.2,67.2,67.3,67.5
2017-01-03 01:05:00,71.9,67.4,70.3,66.4,67.7,66.0,65.9,67.1,68.1,67.4,67.4,67.1
2017-01-03 01:10:00,70.7,67.6,70.2,67.6,67.8,66.3,65.9,67.4,65.1,67.8,67.3,66.7
2017-01-03 01:15:00,71.0,67.5,70.2,67.4,67.8,67.1,65.8,67.2,68.1,67.6,67.5,67.2
2017-01-03 01:20:00,70.5,68.1,69.9,67.7,67.8,65.7,65.3,67.5,68.2,68.0,67.2,66.9
2017-01-03 01:25:00,70.9,67.4,70.5,67.6,67.8,67.2,65.8,67.5,68.2,67.2,67.2,66.8
2017-01-03 01:30:00,70.8,68.1,70.4,66.9,67.7,65.8,66.2,67.5,68.1,66.9,67.2,67.2
2017-01-03 01:35:00,71.0,67.5,70.0,66.5,67.7,67.0,66.9,67.3,68.1,67.7,67.0,66.7
2017-01-03 01:40:00,71.0,67.5,70.2,66.7,67.7,67.4,65.6,67.4,68.1,67.2,67.1,66.2
2017-01-03 01:45:00,70.4,68.0,70.1,66.9,67.5,66.2,65.6,67.4,68.1,67.2,67.1,67.6
2017-01-03 01:50:00,70.7,67.8,69.3,66.7,67.4,67.3,65.4,67.2,68.1,66.5,67.2,67.0
2017-01-03 01:55:00,71.2,67.8,69.7,65.7,67.6,66.4,65.0,67.0,68.1,66.6,67.0,67.0
2017-01-03 02:00:00,70.8,66.9,70.1,67.6,67.6,66.2,66.0,67.0,68.1,67.1,67.0,67.1
2017-01-03 02:05:00,70.6,67.1,69.9,66.6,67.7,67.1,66.1,66.8,67.1,66.9,67.1,66.8
2017-01-03 02:10:00,69.9,66.9,70.1,66.7,67.6,67.3,65.4,67.1,68.1,68.0,67.1,66.6
2017-01-03 02:15:00,70.5,66.6,70.0,67.1,67.7,65.6,66.5,67.1,68.1,67.9,67.1,67.0
2017-01-03 02:20:00,70.0,67.5,70.1,67.0,67.7,66.6,66.4,66.9,65.0,67.3,67.2,66.9
2017-01-03 02:25:00,70.1,66.8,70.1,67.0,67.6,66.8,65.7,66.8,68.1,67.2,67.1,67.1
2017-01-03 02:30:00,70.6,66.8,70.1,66.5,67.5,65.3,65.6,67.0,68.1,67.8,67.0,67.6
2017-01-03 02:35:00,71.1,67.9,69.4,66.9,67.3,66.9,65.9,67.1,64.9,67.4,67.1,67.6
2017-01-03 02:40:00,71.2,68.1,69.8,67.0,67.3,67.2,64.7,67.2,68.1,67.1,67.2,67.4
2017-01-03 02:45:00,70.9,67.9,70.2,66.8,67.3,65.6,66.7,67.2,64.8,67.4,67.2,67.2
2017-01-03 02:50:00,71.1,67.9,69.5,66.4,67.6,66.2,66.2,66.8,68.0,67.2,66.8,67.6
2017-01-03 02:55:00,70.6,66.8,69.6,66.5,67.6,66.1,66.5,66.9,68.0,67.6,67.2,67.5
2017-01-03 03:00:00,70.5,67.0,69.4,67.0,67.4,67.3,66.1,66.7,68.0,68.3,67.0,68.1
2017-01-03 03:05:00,70.7,67.5,69.7,66.8,67.4,67.0,66.2,66.8,68.0,67.0,67.1,67.7
2017-01-03 03:10:00,71.1,66.5,69.5,67.1,67.4,67.6,66.0,66.8,68.0,66.6,67.1,68.2
2017-01-03 03:15:00,71.0,68.1,69.3,67.4,67.5,66.8,66.4,66.8,68.0,67.3,66.8,66.9
2017-01-03 03:20:00,71.4,68.2,69.5,65.0,67.3,66.4,66.0,67.0,68.0,67.9,67.0,66.2
2017-01-03 03:25:00,71.0,67.0,68.9,66.1,67.5,66.4,66.2,67.0,68.0,67.2,67.0,67.2
2017-01-03 03:30:00,70.7,68.3,68.9,66.4,67.7,66.3,65.9,66.9,68.0,66.9,67.1,68.0
2017-01-03 03:35:00,70.7,68.1,69.6,66.8,67.8,67.0,66.8,66.9,68.0,67.1,67.1,66.0
2017-01-03 03:40:00,71.9,68.0,69.2,66.9,68.0,67.0,67.1,67.3,68.0,66.1,67.2,67.1
2017-01-03 03:45:00,71.8,67.3,69.8,67.0,68.1,67.0,67.3,67.1,68.0,67.5,67.0,66.4
2017-01-03 03:50:00,71.9,67.9,69.5,65.5,67.9,67.7,67.0,67.1,64.9,67.1,67.0,66.3
2017-01-03 03:55:00,72.0,68.0,69.9,66.4,67.8,67.4,66.9,67.1,68.2,65.8,67.0,66.5
2017-01-03 04:00:00,71.1,68.5,69.5,68.0,67.7,67.0,67.0,66.8,68.2,66.9,67.1,66.8
2017-01-03 04:05:00,71.7,68.2,68.8,67.8,67.3,67.3,66.9,67.0,68.2,66.5,67.3,65.7
2017-01-03 04:10:00,71.9,68.1,69.1,65.9,67.5,67.9,66.5,67.1,68.2,66.6,67.4,66.0
2017-01-03 04:15:00,72.2,67.9,68.8,66.0,67.6,67.7,67.1,67.0,68.2,66.6,67.2,66.3
2017-01-03 04:20:00,72.6,67.7,68.4,66.9,67.6,68.3,67.1,67.2,68.2,66.7,67.2,67.7
2017-01-03 04:25:00,72.0,68.3,68.9,66.7,67.7,67.8,66.8,67.3,65.0,67.0,67.3,66.0
2017-01-03 04:30:00,71.9,68.0,68.7,66.8,68.1,68.2,67.4,67.3,68.2,66.8,67.4,66.3
2017-01-03 04:35:00,71.8,68.0,68.9,67.5,68.2,67.8,66.9,67.3,68.2,67.8,67.5,66.1
2017-01-03 04:40:00,73.1,68.5,69.0,66.3,68.6,68.0,67.4,67.6,68.2,67.2,67.6,65.9
2017-01-03 04:45:00,73.2,68.4,68.8,66.5,68.9,68.6,67.8,67.6,65.1,67.7,67.8,66.1
2017-01-03 04:50:00,74.6,67.7,69.6,67.8,69.0,68.4,66.8,67.6,65.1,68.4,67.6,65.8
2017-01-03 04:55:00,74.9,68.4,69.6,66.7,68.9,68.9,67.9,67.6,68.2,68.3,67.7,66.3
2017-01-03 05:00:00,76.9,67.9,68.2,67.5,68.7,69.2,67.6,67.4,68.2,66.9,67.5,66.9
2017-01-03 05:05:00,76.3,68.4,67.2,66.8,68.7,69.0,67.5,67.5,68.2,67.0,67.6,66.1
2017-01-03 05:10:00,75.6,68.2,67.8,67.3,69.1,69.1,67.5,67.5,68.2,67.3,67.6,66.2
2017-01-03 05:15:00,74.3,68.6,67.6,67.1,69.2,69.2,67.7,67.8,65.1,67.9,67.9,66.5
2017-01-03 05:20:00,73.8,68.7,67.5,66.8,69.5,69.1,67.9,68.0,65.1,67.3,68.1,66.2
2017-01-03 05:25:00,73.2,68.9,67.6,66.8,69.4,68.6,68.4,68.1,68.2,67.4,68.3,66.2
2017-01-03 05:30:00,72.3,68.6,67.7,67.2,69.5,68.6,68.6,68.1,65.2,68.2,68.2,67.0
2017-01-03 05:35:00,71.2,68.7,67.7,67.7,69.6,68.3,68.7,68.1,65.1,68.4,68.2,66.3
2017-01-03 05:40:00,69.7,64.4,68.5,68.1,65.0,65.6,67.4,68.7,65.1,67.3,66.5,67.8
2017-01-03 05:45:00,66.6,64.7,68.8,66.2,62.0,66.3,66.9,67.9,65.7,66.2,66.6,67.1
2017-01-03 05:50:00,66.0,64.6,63.9,66.2,61.9,66.0,65.3,69.0,65.4,68.1,65.8,66.7
2017-01-03 05:55:00,66.7,64.5,64.9,66.0,61.9,64.7,65.1,68.0,65.1,68.7,65.4,67.8
2017-01-03 06:00:00,65.3,64.6,59.1,66.3,60.4,64.5,65.4,67.9,64.9,69.2,65.0,67.3
2017-01-03 06:05:00,64.7,65.3,58.4,66.2,60.1,63.0,64.9,67.6,65.0,68.6,65.4,68.0
2017-01-03 06:10:00,63.6,64.7,53.3,66.4,60.7,62.5,64.5,66.0,65.4,66.4,64.1,67.9
2017-01-03 06:15:00,62.4,64.5,55.0,65.3,57.7,61.1,64.2,66.4,65.0,66.9,64.8,66.5
2017-01-03 06:20:00,62.0,65.1,50.5,65.9,59.2,59.8,63.8,66.5,64.0,65.6,65.7,66.6
2017-01-03 06:25:00,61.9,64.3,54.2,63.3,59.2,58.7,64.5,65.9,64.5,66.5,65.1,66.3
2017-01-03 06:30:00,62.0,64.1,54.9,64.7,59.1,60.1,64.4,65.5,64.6,67.3,62.9,65.3
2017-01-03 06:35:00,62.3,65.2,56.4,65.3,59.5,61.0,64.1,65.2,64.4,67.6,64.8,67.1
2017-01-03 06:40:00,61.9,64.7,54.7,65.9,58.8,60.9,64.4,65.2,62.8,65.0,65.9,64.9
2017-01-03 06:45:00,61.9,64.9,54.3,65.3,59.4,61.4,63.7,65.1,62.4,67.5,65.4,66.5
2017-01-03 06:50:00,60.9,65.0,56.2,65.9,57.3,60.4,61.7,66.0,64.7,68.7,64.8,65.9
2017-01-03 06:55:00,59.9,64.4,54.8,67.0,56.9,60.5,59.3,65.1,65.2,69.7,65.3,65.6
2017-01-03 07:00:00,60.9,64.7,55.5,66.0,55.3,60.3,61.1,64.8,65.8,67.9,65.2,66.6
2017-01-03 07:05:00,61.7,64.2,57.6,65.8,56.5,59.9,58.9,64.8,63.0,65.2,64.2,66.5
2017-01-03 07:10:00,61.7,65.1,53.9,65.1,56.3,59.1,59.4,66.1,64.7,63.9,63.2,64.6
2017-01-03 07:15:00,61.8,65.3,52.2,65.7,55.9,59.4,59.8,65.6,64.8,64.0,63.7,64.7
2017-01-03 07:20:00,61.5,65.5,51.1,65.3,54.6,61.4,59.0,64.3,64.4,64.2,63.0,65.7
2017-01-03 07:25:00,60.4,65.7,50.2,66.3,52.5,61.6,52.7,64.1,64.3,63.8,61.8,66.3
2017-01-03 07:30:00,60.7,65.3,50.9,66.1,46.5,61.7,49.2,63.4,63.9,62.9,63.3,65.1
2017-01-03 07:35:00,60.4,65.0,50.4,65.7,42.0,60.5,45.7,63.7,65.0,63.0,63.8,64.6
2017-01-03 07:40:00,61.6,64.7,48.0,65.9,39.3,60.2,43.4,64.0,64.5,64.2,63.2,64.6
2017-01-03 07:45:00,64.3,64.2,52.2,65.7,35.9,62.3,42.9,63.7,66.1,63.8,63.5,64.5
2017-01-03 07:50:00,63.0,65.2,53.5,64.9,35.7,62.4,42.2,64.3,66.4,63.1,63.3,65.0
2017-01-03 07:55:00,61.2,65.4,53.5,64.4,35.3,63.4,38.2,64.1,66.6,62.5,63.9,66.4
2017-01-03 08:00:00,59.8,65.3,53.8,65.4,35.3,63.1,38.4,64.9,66.9,65.9,63.0,66.1
2017-01-03 08:05:00,58.9,65.2,53.3,64.7,34.7,61.6,38.2,65.2,67.4,64.0,64.1,65.0
2017-01-03 08:10:00,58.7,64.6,51.4,65.2,33.1,62.6,44.8,64.6,67.1,62.9,62.9,64.4
2017-01-03 08:15:00,58.3,64.1,53.5,65.8,32.7,62.0,50.8,62.8,66.6,63.9,62.0,64.8
2017-01-03 08:20:00,59.7,64.7,57.2,65.9,31.8,63.8,54.6,62.2,66.9,62.5,62.7,63.6
2017-01-03 08:25:00,60.6,65.0,57.0,65.7,31.0,63.1,57.6,62.4,67.3,62.2,64.0,64.2
2017-01-03 08:30:00,63.1,64.7,57.7,65.8,30.3,62.7,58.0,64.1,66.6,61.7,63.0,64.2
2017-01-03 08:35:00,62.3,64.4,57.6,64.6,31.0,63.0,59.0,62.1,65.7,61.4,62.6,64.5
2017-01-03 08:40:00,61.7,64.1,59.2,64.9,30.6,63.0,54.8,62.7,65.9,59.9,62.4,64.6
2017-01-03 08:45:00,59.7,65.0,59.3,65.3,30.3,63.6,53.7,63.0,65.4,59.7,62.4,64.1
2017-01-03 08:50:00,59.5,65.1,60.4,66.8,30.7,64.0,56.1,63.2,64.7,59.6,63.6,63.9
2017-01-03 08:55:00,58.9,64.6,60.1,65.5,31.2,64.3,58.6,63.0,66.0,60.8,64.8,64.3
2017-01-03 09:00:00,58.6,64.8,60.3,67.0,32.3,64.6,60.8,64.2,64.9,61.7,63.2,65.2
2017-01-03 09:05:00,59.2,64.9,59.5,67.2,33.5,65.9,61.5,65.5,64.8,60.6,62.3,65.5
2017-01-03 09:10:00,59.7,65.6,56.7,67.2,33.9,65.7,61.8,65.3,65.0,60.6,62.5,66.3
2017-01-03 09:15:00,63.1,65.0,55.6,67.6,34.7,65.8,61.3,65.1,65.9,62.0,62.8,66.1
2017-01-03 09:20:00,65.1,65.3,58.2,67.3,42.9,65.9,61.7,64.1,67.0,61.7,63.9,65.3
2017-01-03 09:25:00,67.2,65.5,58.9,67.4,49.0,66.6,58.2,64.8,66.4,60.4,62.6,64.4
2017-01-03 09:30:00,68.5,65.0,60.1,65.0,51.1,66.0,60.8,64.5,65.2,61.7,62.1,64.8
2017-01-03 09:35:00,69.0,64.2,59.5,65.7,54.3,65.4,61.8,64.7,66.6,61.4,61.9,64.1
2017-01-03 09:40:00,68.4,65.7,60.6,66.0,53.6,65.7,62.0,64.9,66.8,61.2,62.8,63.7
2017-01-03 09:45:00,68.6,65.4,59.1,65.9,54.3,65.1,61.5,64.9,66.3,60.9,63.6,65.0
2017-01-03 09:50:00,67.2,64.3,59.7,65.9,54.8,65.4,61.1,64.5,66.2,60.0,63.9,64.8
2017-01-03 09:55:00,68.2,64.9,61.1,65.7,54.8,66.1,60.5,64.7,65.1,61.4,63.2,64.8
2017-01-03 10:00:00,68.2,65.2,61.1,64.9,55.9,66.0,61.2,65.4,64.4,61.2,63.5,64.9
2017-01-03 10:05:00,68.5,63.8,61.2,65.6,56.3,65.9,60.5,64.6,65.7,62.0,63.4,64.4
2017-01-03 10:10:00,69.2,63.6,58.1,65.6,55.3,66.5,60.8,64.2,65.5,61.2,62.7,63.6
2017-01-03 10:15:00,68.9,63.9,59.9,64.4,56.1,66.4,61.5,64.1,65.7,61.8,62.1,63.3
2017-01-03 10:20:00,69.8,64.7,61.6,64.5,56.4,66.3,61.1,64.0,65.7,61.7,62.2,64.1
2017-01-03 10:25:00,68.7,63.8,59.4,64.8,56.3,66.4,61.5,62.7,67.0,61.3,61.6,63.6
2017-01-03 10:30:00,69.8,64.5,60.7,65.2,55.8,66.7,59.2,63.7,65.4,63.2,61.5,64.5
2017-01-03 10:35:00,69.1,64.8,57.4,65.3,57.0,66.0,62.6,64.8,66.3,62.5,62.6,63.3
2017-01-03 10:40:00,68.5,64.3,54.4,66.0,57.1,64.6,61.7,63.9,66.1,61.8,62.9,63.3
2017-01-03 10:45:00,69.3,64.5,55.0,65.1,56.4,65.9,59.9,63.5,66.9,62.0,62.3,64.1
2017-01-03 10:50:00,68.9,64.8,56.1,64.8,56.5,66.0,60.3,64.4,66.6,61.3,63.1,64.3
2017-01-03 10:55:00,68.3,65.0,59.9,66.2,57.1,67.0,57.1,64.3,65.4,60.9,63.4,64.7
2017-01-03 11:00:00,69.1,64.2,60.8,66.5,56.1,67.1,57.8,63.8,66.7,61.3,62.1,64.3
2017-01-03 11:05:00,70.6,64.6,61.0,64.0,56.3,66.9,58.3,63.9,65.8,61.6,62.2,64.9
2017-01-03 11:10:00,69.8,64.4,56.6,64.4,56.8,66.4,59.3,64.1,65.7,61.6,62.4,63.6
2017-01-03 11:15:00,70.3,64.6,56.9,64.7,56.2,66.6,59.9,64.6,66.8,62.0,62.7,64.0
2017-01-03 11:20:00,71.1,64.4,55.8,64.1,56.3,67.4,60.8,63.6,66.9,62.1,64.6,63.5
2017-01-03 11:25:00,71.4,64.6,54.9,65.9,56.1,67.7,60.8,64.8,66.3,62.0,64.1,62.5
2017-01-03 11:30:00,69.4,64.7,58.5,65.3,55.9,68.2,59.9,64.7,65.3,61.9,64.0,63.5
2017-01-03 11:35:00,70.8,65.7,61.5,65.7,55.3,66.6,59.7,64.0,66.5,61.2,63.5,63.9
2017-01-03 11:40:00,69.5,65.3,57.3,66.6,54.9,67.3,60.3,63.8,65.4,60.9,62.4,62.6
2017-01-03 11:45:00,68.6,66.0,60.8,65.9,56.0,66.9,60.3,63.9,65.7,60.5,63.4,62.6
2017-01-03 11:50:00,70.6,64.9,61.1,65.5,53.9,67.3,60.1,64.2,66.4,60.2,63.2,63.7
2017-01-03 11:55:00,68.6,65.2,59.0,65.5,54.9,67.1,60.0,63.4,67.2,60.9,63.8,62.8
2017-01-03 12:00:00,69.8,63.6,61.2,66.0,54.3,66.7,59.9,63.5,66.6,61.2,64.3,62.5
2017-01-03 12:05:00,69.3,63.5,60.5,66.1,55.0,67.1,59.8,62.6,67.4,60.6,64.6,62.5
2017-01-03 12:10:00,69.5,62.8,59.5,65.1,56.4,66.9,60.5,62.7,65.4,59.9,63.8,64.1
2017-01-03 12:15:00,69.6,62.9,58.4,65.7,56.3,65.9,60.8,62.9,66.1,61.0,63.4,64.0
2017-01-03 12:20:00,70.2,62.7,57.6,64.7,56.2,64.7,59.5,63.1,65.2,61.3,63.3,63.9
2017-01-03 12:25:00,70.7,62.6,56.3,65.0,55.9,65.0,57.4,62.4,64.9,60.6,62.9,64.5
2017-01-03 12:30:00,69.1,61.8,57.3,63.8,55.7,65.8,57.1,62.6,65.7,58.4,63.6,64.3
2017-01-03 12:35:00,70.2,62.6,58.8,64.6,55.3,66.0,58.0,61.7,65.3,60.2,63.8,64.6
2017-01-03 12:40:00,69.5,62.5,57.1,64.7,53.4,66.0,58.3,61.9,65.7,59.9,63.9,63.4
2017-01-03 12:45:00,69.3,62.2,53.5,64.9,53.6,66.3,57.8,62.0,65.6,59.5,62.8,62.8
2017-01-03 12:50:00,70.1,62.4,55.8,64.5,54.2,66.6,58.7,61.2,65.9,58.8,64.3,62.4
2017-01-03 12:55:00,69.7,62.3,56.9,65.6,53.6,66.0,59.0,61.9,65.6,58.3,62.1,61.8
2017-01-03 13:00:00,69.8,61.1,58.5,65.3,54.8,66.5,58.8,61.1,65.8,59.2,62.2,63.3
2017-01-03 13:05:00,69.7,60.6,57.0,63.9,54.6,65.1,58.9,60.1,65.5,59.7,62.9,63.4
2017-01-03 13:10:00,70.1,59.9,58.0,64.5,53.9,65.9,58.6,60.8,66.2,59.4,62.4,64.3
2017-01-03 13:15:00,69.1,60.5,57.9,64.5,52.1,65.6,54.9,60.5,65.5,57.5,62.0,63.5
2017-01-03 13:20:00,67.8,60.3,57.9,64.0,51.3,64.8,52.9,60.5,64.4,56.6,61.4,62.6
2017-01-03 13:25:00,67.9,59.1,57.3,63.2,47.0,64.0,53.4,59.6,63.4,56.2,62.2,63.3
2017-01-03 13:30:00,65.8,59.5,56.7,63.9,43.5,63.8,55.5,59.3,62.8,57.9,60.8,61.7
2017-01-03 13:35:00,66.1,61.0,53.9,62.8,48.0,63.6,56.5,60.4,63.9,56.2,61.6,63.3
2017-01-03 13:40:00,67.3,60.9,55.9,63.6,48.2,62.6,56.9,60.1,64.2,57.2,61.5,63.5
2017-01-03 13:45:00,67.3,61.2,52.7,62.5,50.8,63.1,56.9,60.6,63.8,55.7,61.0,63.3
2017-01-03 13:50:00,67.8,59.9,51.6,60.7,53.1,63.7,57.2,60.1,63.6,56.4,61.0,62.4
2017-01-03 13:55:00,68.6,59.8,51.5,61.3,50.7,63.3,58.0,60.0,63.2,56.7,61.9,62.9
2017-01-03 14:00:00,67.5,58.5,52.6,61.4,51.6,64.3,57.6,59.8,63.8,59.1,60.8,62.5
2017-01-03 14:05:00,68.1,59.1,53.5,60.4,51.6,64.2,55.1,58.7,63.6,59.6,60.4,62.4
2017-01-03 14:10:00,68.2,58.9,54.6,61.2,51.0,63.2,55.5,59.0,64.3,59.6,60.8,63.6
2017-01-03 14:15:00,69.6,57.7,56.1,60.7,51.2,63.6,55.2,58.6,63.8,58.1,60.4,61.9
2017-01-03 14:20:00,69.0,56.1,54.7,60.3,49.9,64.4,54.1,57.2,64.5,58.2,61.3,62.5
2017-01-03 14:25:00,68.4,55.5,52.2,60.3,52.0,64.3,50.5,55.1,64.0,58.9,60.8,62.2
2017-01-03 14:30:00,68.9,56.0,54.5,59.5,50.9,63.6,48.4,53.8,64.5,55.9,61.0,63.2
2017-01-03 14:35:00,68.6,57.0,53.3,59.6,51.8,63.1,50.4,55.2,63.2,51.5,61.5,62.1
2017-01-03 14:40:00,68.3,56.7,54.6,58.2,48.5,62.9,43.6,54.5,62.9,34.8,61.8,61.1
2017-01-03 14:45:00,69.6,52.9,51.0,58.0,48.9,63.4,34.7,52.1,62.2,23.8,60.2,53.0
2017-01-03 14:50:00,69.2,38.7,50.3,57.5,50.6,62.7,34.3,50.3,62.1,17.4,60.7,49.5
2017-01-03 14:55:00,69.2,31.4,50.5,56.9,49.4,63.6,42.9,50.2,61.2,15.1,61.1,53.9
2017-01-03 15:00:00,67.5,26.6,51.0,56.5,45.7,63.0,50.2,50.7,60.5,14.1,61.1,53.1
2017-01-03 15:05:00,66.6,25.4,49.4,56.1,48.0,63.0,54.6,50.2,61.1,12.6,59.7,51.5
2017-01-03 15:10:00,67.6,25.7,51.5,56.7,50.6,63.9,55.5,49.3,60.1,12.4,60.9,48.0
2017-01-03 15:15:00,69.5,22.9,51.3,55.1,52.5,64.1,54.9,48.0,58.2,13.9,62.0,47.3
2017-01-03 15:20:00,69.2,23.3,52.1,54.9,49.7,63.8,54.6,48.3,57.1,12.9,61.4,46.6
2017-01-03 15:25:00,70.5,26.2,51.2,54.8,48.1,63.1,53.7,49.0,58.0,14.5,61.4,44.0
2017-01-03 15:30:00,69.8,27.9,51.1,53.5,48.8,62.6,53.4,48.5,58.2,12.9,60.9,38.3
2017-01-03 15:35:00,70.1,28.0,53.0,53.2,50.5,62.2,52.3,45.5,57.0,11.8,61.2,36.6
2017-01-03 15:40:00,69.5,26.4,52.6,52.2,52.4,61.2,49.5,45.4,56.3,10.9,59.5,32.0
2017-01-03 15:45:00,69.4,26.1,51.4,51.7,51.5,61.2,48.7,44.0,54.1,10.1,59.5,29.1
2017-01-03 15:50:00,68.6,25.8,51.1,52.2,50.5,60.2,51.4,43.4,46.8,10.5,59.3,22.9
2017-01-03 15:55:00,69.6,26.3,49.5,51.7,51.4,61.4,50.6,38.3,38.6,10.4,60.2,22.3
2017-01-03 16:00:00,69.2,26.5,50.6,52.6,52.7,63.7,51.0,33.3,33.4,11.1,60.9,23.3
2017-01-03 16:05:00,68.3,26.1,50.1,45.2,53.2,64.4,54.0,31.5,31.2,11.3,60.5,24.4
2017-01-03 16:10:00,68.5,23.3,47.3,36.0,53.9,64.0,54.0,32.2,30.9,13.4,62.1,26.7
2017-01-03 16:15:00,69.0,24.1,46.3,32.2,53.8,61.7,55.3,32.6,31.9,13.2,61.7,25.9
2017-01-03 16:20:00,68.3,24.9,47.1,30.1,56.1,63.0,54.9,34.1,31.4,12.4,61.3,23.9
2017-01-03 16:25:00,68.6,24.7,47.3,31.4,56.1,62.6,56.6,36.1,28.8,11.2,60.7,23.7
2017-01-03 16:30:00,67.5,26.8,48.0,31.9,55.6,62.3,56.8,37.2,27.0,10.8,62.3,21.1
2017-01-03 16:35:00,68.6,24.3,46.2,30.9,55.8,62.7,55.7,42.1,30.3,12.6,62.2,21.6
2017-01-03 16:40:00,69.7,24.7,46.6,31.6,55.7,62.4,52.4,34.4,30.8,12.8,61.4,22.9
2017-01-03 16:45:00,70.5,22.0,46.7,29.6,54.6,62.5,52.6,29.2,32.2,12.3,61.4,22.9
2017-01-03 16:50:00,71.3,22.5,48.8,31.4,55.0,62.4,53.0,24.9,31.5,11.8,60.9,24.9
2017-01-03 16:55:00,70.4,22.0,45.5,32.0,55.5,62.2,54.1,28.9,29.8,11.3,62.0,27.5
2017-01-03 17:00:00,69.8,20.4,40.6,34.0,57.0,64.1,61.4,36.4,29.1,11.7,61.6,31.4
2017-01-03 17:05:00,70.7,19.3,37.9,32.6,60.4,63.9,61.2,40.8,31.3,10.5,61.8,32.0
2017-01-03 17:10:00,70.8,18.6,36.2,34.1,61.3,63.3,60.2,42.9,32.9,10.6,61.6,29.6
2017-01-03 17:15:00,69.1,18.8,36.2,33.1,61.2,62.8,59.5,42.8,26.4,10.6,61.3,30.3
2017-01-03 17:20:00,68.8,18.5,31.2,29.9,60.6,62.0,51.0,44.4,24.5,11.4,61.3,29.2
2017-01-03 17:25:00,69.3,18.2,19.1,29.9,61.0,61.0,35.0,45.6,21.4,10.3,60.7,28.3
2017-01-03 17:30:00,68.9,17.3,9.9,28.6,60.6,61.1,24.3,43.8,19.3,11.3,58.9,26.7
2017-01-03 17:35:00,69.5,17.9,6.4,27.8,59.3,60.2,18.8,42.9,19.5,11.0,58.2,25.9
2017-01-03 17:40:00,68.9,17.8,7.9,28.4,58.7,60.7,16.2,42.2,19.4,11.3,57.3,29.9
2017-01-03 17:45:00,67.9,17.5,8.8,28.2,56.7,61.4,15.9,40.9,22.3,10.6,56.4,33.3
2017-01-03 17:50:00,68.1,17.3,10.7,33.3,55.4,61.3,15.9,41.8,24.8,11.1,56.5,38.1
2017-01-03 17:55:00,66.5,18.0,20.1,37.8,54.8,61.7,17.1,42.8,25.5,11.7,55.4,40.1
2017-01-03 18:00:00,68.5,18.6,25.0,40.6,54.4,63.2,16.3,41.3,30.0,13.0,55.3,44.4
2017-01-03 18:05:00,68.3,18.6,25.2,43.7,53.7,62.2,27.4,39.5,25.7,13.9,56.3,47.3
2017-01-03 18:10:00,67.2,18.9,31.4,45.5,53.4,62.2,42.7,39.5,25.8,13.3,57.1,45.5
2017-01-03 18:15:00,67.7,21.0,34.9,46.0,54.6,61.4,49.3,39.6,21.4,13.0,56.5,45.1
2017-01-03 18:20:00,68.4,21.2,34.8,48.7,54.9,60.6,55.3,39.3,23.4,15.1,57.4,44.7
2017-01-03 18:25:00,69.0,21.8,33.9,49.6,55.3,59.7,55.8,41.6,24.0,16.5,58.0,46.8
2017-01-03 18:30:00,67.9,22.5,33.5,51.1,56.6,60.0,57.2,43.7,26.7,16.3,59.7,47.9
2017-01-03 18:35:00,69.1,21.0,34.1,48.8,57.9,61.1,57.9,43.2,26.1,16.4,59.2,44.9
2017-01-03 18:40:00,69.5,19.9,35.2,49.3,58.0,61.5,59.8,45.4,22.9,21.2,59.6,41.0
2017-01-03 18:45:00,68.7,22.1,40.3,48.5,58.0,61.9,58.5,45.9,24.4,28.6,59.8,42.3
2017-01-03 18:50:00,69.1,25.7,46.8,49.2,57.2,61.8,58.8,47.0,26.1,41.5,59.7,46.1
2017-01-03 18:55:00,69.7,37.4,49.7,50.4,57.0,63.0,58.9,47.5,25.4,48.8,60.1,51.1
2017-01-03 19:00:00,67.6,48.5,49.9,46.0,55.1,64.4,59.1,50.5,27.4,51.4,59.7,52.6
2017-01-03 19:05:00,66.9,54.5,52.4,46.1,55.5,63.2,60.1,53.3,34.2,55.4,59.8,53.0
2017-01-03 19:10:00,68.7,58.1,51.7,48.5,58.2,64.3,60.5,54.8,43.5,56.3,61.6,56.2
2017-01-03 19:15:00,68.3,59.5,50.4,48.9,59.5,64.7,61.3,56.2,48.4,56.6,61.9,56.4
2017-01-03 19:20:00,68.7,60.5,48.3,49.8,59.5,64.6,60.5,56.8,51.9,57.6,61.4,57.0
2017-01-03 19:25:00,69.6,60.5,51.9,52.9,59.6,64.4,60.9,57.1,53.8,58.4,60.7,57.4
2017-01-03 19:30:00,69.5,60.4,54.7,55.1,59.4,64.7,62.7,56.8,56.4,58.5,59.8,57.7
2017-01-03 19:35:00,70.1,60.2,56.1,56.1,59.8,65.3,62.9,58.0,58.1,59.5,61.0,57.6
2017-01-03 19:40:00,69.3,59.0,58.1,57.0,59.8,64.7,62.4,56.9,59.2,58.6,61.1,58.9
2017-01-03 19:45:00,68.8,59.0,59.1,57.3,59.9,64.8,61.1,58.7,59.7,58.8,60.7,57.5
2017-01-03 19:50:00,68.2,58.7,60.0,56.9,60.0,64.3,62.3,55.9,60.0,58.1,60.7,55.9
2017-01-03 19:55:00,68.4,60.4,59.3,56.8,60.6,63.8,60.5,56.4,59.7,57.4,60.4,55.1
2017-01-03 20:00:00,68.1,60.5,58.6,56.0,58.6,64.7,60.0,57.5,59.4,59.1,59.1,56.7
2017-01-03 20:05:00,69.3,61.0,58.4,56.8,58.2,65.1,59.4,57.5,59.7,58.3,60.3,57.8
2017-01-03 20:10:00,69.4,61.3,60.0,58.0,58.3,65.7,60.3,59.5,61.8,59.2,60.5,58.8
2017-01-03 20:15:00,68.6,61.0,60.5,58.4,57.7,65.2,60.7,61.4,61.5,58.7,60.1,57.8
2017-01-03 20:20:00,68.0,61.7,61.2,59.1,58.4,65.6,60.4,60.5,61.8,58.8,60.7,58.8
2017-01-03 20:25:00,69.0,61.0,59.8,60.5,58.4,66.2,59.3,60.5,63.1,58.6,60.8,58.7
2017-01-03 20:30:00,69.1,61.3,59.5,60.8,57.9,65.9,60.8,61.0,61.1,57.1,60.6,57.3
2017-01-03 20:35:00,69.9,61.4,60.5,58.9,59.0,66.9,59.2,61.1,60.8,56.0,59.4,59.8
2017-01-03 20:40:00,69.9,61.3,60.2,59.3,59.2,66.5,60.8,60.6,61.1,57.8,58.8,59.4
2017-01-03 20:45:00,69.9,61.5,60.6,58.1,59.8,66.4,61.6,61.3,61.3,58.7,59.3,59.8
2017-01-03 20:50:00,69.8,62.6,61.7,58.7,59.5,66.6,60.7,63.1,60.1,59.0,61.2,61.1
2017-01-03 20:55:00,70.4,62.7,63.3,60.8,58.5,65.7,61.2,64.3,61.0,58.9,61.3,62.7
2017-01-03 21:00:00,70.4,62.8,63.4,60.8,59.3,65.5,62.9,66.9,61.1,59.0,62.0,62.0
2017-01-03 21:05:00,69.8,63.2,61.5,59.3,59.8,67.0,60.9,67.9,63.2,62.6,62.8,62.3
2017-01-03 21:10:00,70.1,63.0,60.9,61.0,60.2,66.8,63.2,68.6,63.3,61.8,62.8,62.5
2017-01-03 21:15:00,69.5,63.0,62.9,61.1,59.6,65.8,62.8,68.8,63.8,62.4,61.5,62.8
2017-01-03 21:20:00,70.0,63.5,63.5,60.9,60.0,67.0,64.2,68.4,64.7,64.9,62.8,63.2
2017-01-03 21:25:00,69.7,63.2,64.2,61.6,60.8,66.5,63.3,68.5,62.6,64.7,61.9,63.2
2017-01-03 21:30:00,69.2,63.3,64.1,62.5,61.4,66.7,62.6,68.4,62.9,63.6,62.6,63.3
2017-01-03 21:35:00,69.4,62.6,65.3,61.5,61.3,65.9,64.1,69.2,64.1,64.1,62.3,64.2
2017-01-03 21:40:00,68.8,63.3,64.8,61.2,61.7,66.6,64.1,69.1,63.6,63.7,62.0,63.4
2017-01-03 21:45:00,70.3,62.4,64.2,61.5,61.0,67.1,64.9,67.5,61.6,64.2,61.8,64.8
2017-01-03 21:50:00,70.2,63.5,64.5,60.5,61.7,68.8,65.1,68.3,61.1,63.5,62.5,65.5
2017-01-03 21:55:00,71.1,63.5,63.5,60.1,60.8,65.7,64.4,69.0,60.3,62.6,62.7,64.6
2017-01-03 22:00:00,69.9,63.0,64.6,59.2,60.6,64.6,62.2,69.7,58.9,62.6,61.7,64.8
2017-01-03 22:05:00,69.7,63.3,63.7,57.1,59.8,65.7,61.7,68.9,58.2,62.4,60.7,64.8
2017-01-03 22:10:00,69.6,62.6,61.0,55.9,58.8,66.5,62.3,68.3,57.6,62.1,61.0,64.4
2017-01-03 22:15:00,70.4,64.1,63.1,55.8,59.7,65.5,62.2,69.2,58.2,63.1,60.8,64.4
2017-01-03 22:20:00,69.2,63.3,63.4,57.1,59.7,65.8,61.8,69.3,59.3,63.4,61.5,65.6
2017-01-03 22:25:00,70.3,63.5,64.2,58.2,61.0,67.4,60.8,69.5,60.8,63.7,61.1,65.7
2017-01-03 22:30:00,70.6,65.3,64.0,60.3,60.6,67.7,63.1,68.9,61.1,65.6,62.6,66.9
2017-01-03 22:35:00,70.0,64.0,62.8,63.0,61.5,67.5,64.4,68.3,61.5,65.8,63.1,66.6
2017-01-03 22:40:00,71.5,64.0,63.7,64.0,61.9,67.9,64.4,68.9,63.3,65.2,63.1,66.1
2017-01-03 22:45:00,71.2,64.6,64.8,63.4,62.3,67.2,64.8,68.1,63.6,65.6,62.7,66.6
2017-01-03 22:50:00,71.4,64.8,65.7,64.5,62.4,67.8,63.9,69.0,63.4,63.5,64.3,67.5
2017-01-03 22:55:00,71.2,63.9,65.1,65.3,62.4,68.0,63.5,69.0,63.1,64.3,64.8,66.9
2017-01-03 23:00:00,70.8,64.9,65.5,63.5,62.2,67.6,64.5,67.8,64.2,63.8,65.4,66.9
2017-01-03 23:05:00,71.2,64.8,65.2,64.5,62.0,66.5,63.5,66.7,62.6,61.9,65.5,65.2
2017-01-03 23:10:00,69.9,64.7,63.5,63.7,61.9,66.6,62.9,66.8,61.7,61.8,64.9,64.1
2017-01-03 23:15:00,70.4,65.6,63.2,63.5,61.6,67.4,63.4,66.6,62.1,60.7,65.4,65.6
2017-01-03 23:20:00,70.6,64.9,65.0,63.5,61.0,66.8,64.1,66.4,63.0,61.2,65.6,66.2
2017-01-03 23:25:00,69.3,64.4,66.0,63.3,61.5,66.8,65.1,67.3,63.3,59.8,65.6,66.5
2017-01-03 23:30:00,70.2,65.0,64.6,63.2,61.4,66.7,64.9,66.5,63.9,61.3,65.6,66.1
2017-01-03 23:35:00,70.6,64.5,65.8,63.5,61.7,66.4,64.4,65.9,61.3,62.0,65.4,66.5
2017-01-03 23:40:00,70.5,65.2,65.7,62.6,61.8,66.9,64.7,66.2,63.1,62.5,64.6,66.4
2017-01-03 23:45:00,70.7,64.7,65.4,62.9,61.7,67.3,64.2,66.3,61.6,63.6,64.9,67.2
2017-01-03 23:50:00,70.0,64.4,65.6,62.7,61.8,67.2,64.4,67.0,62.5,64.4,65.4,66.1
2017-01-03 23:55:00,69.2,65.0,66.3,62.3,61.8,65.7,64.7,68.2,63.9,63.1,65.4,65.4
2017-01-04 00:00:00,71.7,64.4,67.2,68.0,62.2,67.3,66.4,68.4,65.7,67.7,65.6,68.2
2017-01-04 00:05:00,71.3,65.1,66.8,66.9,62.0,67.0,65.4,67.2,66.1,64.6,65.4,68.5
2017-01-04 00:10:00,71.5,64.8,66.5,65.8,62.2,66.9,65.8,67.6,65.7,65.3,65.5,67.9
2017-01-04 00:15:00,71.2,65.3,66.5,64.4,62.0,67.5,66.0,67.9,64.3,66.0,65.5,69.4
2017-01-04 00:20:00,71.2,63.7,66.3,64.9,61.5,65.9,66.3,67.9,65.9,65.2,65.2,67.8
2017-01-04 00:25:00,70.8,64.3,66.4,65.0,61.5,65.8,65.8,66.9,65.2,66.1,65.4,68.2
2017-01-04 00:30:00,69.8,64.2,66.4,65.7,61.5,67.5,65.2,66.8,65.2,66.1,65.3,68.2
2017-01-04 00:35:00,70.5,64.5,64.4,66.7,61.7,66.9,65.6,67.2,68.0,65.9,65.4,67.8
2017-01-04 00:40:00,70.0,63.8,66.3,65.9,61.5,65.1,65.3,67.0,68.0,66.2,64.2,66.9
2017-01-04 00:45:00,71.0,63.3,66.4,65.9,62.1,67.2,65.2,67.2,68.0,66.5,65.2,68.4
2017-01-04 00:50:00,71.7,64.3,66.5,66.8,61.7,65.6,65.0,66.2,68.0,67.3,65.8,67.1
2017-01-04 00:55:00,70.7,64.3,65.9,65.7,61.8,67.5,63.8,67.3,68.0,65.3,65.1,67.6
2017-01-04 01:00:00,70.1,64.1,66.3,68.0,61.7,66.2,65.4,68.3,68.0,66.3,65.1,68.3
2017-01-04 01:05:00,70.6,64.0,66.6,67.3,61.8,67.4,66.6,67.4,68.0,66.5,65.3,67.2
2017-01-04 01:10:00,69.8,63.2,66.3,66.5,61.7,67.0,65.1,66.2,68.0,66.9,64.3,66.7
2017-01-04 01:15:00,71.0,63.7,66.6,66.6,61.6,65.5,66.6,65.9,68.0,67.9,64.8,68.0
2017-01-04 01:20:00,70.9,64.2,67.1,66.0,61.6,67.3,65.8,67.6,68.0,67.2,64.3,67.3
2017-01-04 01:25:00,71.4,62.9,66.3,66.0,61.4,66.6,66.9,68.1,65.0,68.2,65.5,67.3
2017-01-04 01:30:00,71.5,62.5,65.5,67.0,61.6,65.3,65.1,65.6,67.9,67.9,65.5,67.7
2017-01-04 01:35:00,71.6,62.5,66.9,66.7,61.1,66.6,65.0,65.3,67.9,66.8,65.3,67.7
2017-01-04 01:40:00,71.4,62.7,65.9,66.6,61.4,67.2,66.9,66.2,66.6,68.4,65.6,68.4
2017-01-04 01:45:00,71.9,63.9,66.1,66.7,61.5,67.6,66.2,68.6,67.9,67.8,64.7,66.5
2017-01-04 01:50:00,70.9,63.3,66.8,67.9,61.7,67.1,65.4,66.7,67.9,66.0,65.0,66.8
2017-01-04 01:55:00,71.2,63.8,66.8,65.4,61.6,67.3,65.2,67.9,67.9,67.3,65.2,67.2
2017-01-04 02:00:00,70.3,63.0,66.3,67.0,61.8,65.5,66.4,67.9,67.9,66.4,64.2,67.3
2017-01-04 02:05:00,70.4,63.3,66.3,66.4,61.7,67.3,65.6,67.7,67.2,66.8,64.8,66.6
2017-01-04 02:10:00,70.5,63.2,66.5,67.3,62.1,66.0,66.5,66.5,68.3,66.1,65.4,68.1
2017-01-04 02:15:00,71.5,64.0,66.4,67.4,61.8,67.7,65.5,66.6,68.3,66.2,65.6,68.4
2017-01-04 02:20:00,69.8,63.2,66.4,67.2,61.9,68.1,66.1,67.4,68.3,66.8,65.6,68.2
2017-01-04 02:25:00,71.0,62.5,66.5,67.3,61.9,66.6,65.3,67.0,68.3,67.2,64.6,67.1
2017-01-04 02:30:00,70.5,63.1,65.7,67.0,61.7,68.5,65.4,69.6,68.3,66.3,64.6,67.8
2017-01-04 02:35:00,70.8,62.8,66.5,66.5,61.7,67.2,65.9,67.6,68.3,66.5,64.7,68.8
2017-01-04 02:40:00,69.8,63.5,66.0,66.9,61.8,67.0,66.9,66.5,68.6,67.5,65.8,68.2
2017-01-04 02:45:00,70.8,63.3,66.3,66.1,61.9,68.2,65.5,70.0,68.6,67.4,64.8,68.0
2017-01-04 02:50:00,70.1,63.4,66.4,66.0,61.6,66.9,65.5,67.9,68.6,67.1,64.9,66.8
2017-01-04 02:55:00,69.5,62.9,65.9,67.1,61.7,65.4,66.6,66.4,68.6,66.6,65.5,67.1
2017-01-04 03:00:00,71.0,63.5,66.1,66.7,62.0,65.0,66.5,69.8,65.0,66.5,64.8,69.2
2017-01-04 03:05:00,69.7,62.8,66.6,68.5,61.6,67.0,67.2,66.8,68.6,66.9,65.9,69.2
2017-01-04 03:10:00,69.9,62.9,65.8,66.2,61.5,68.0,65.5,69.6,65.0,66.6,64.8,67.1
2017-01-04 03:15:00,70.9,62.3,65.7,64.0,61.9,67.7,65.7,65.7,68.6,66.9,64.2,68.5
2017-01-04 03:20:00,70.6,62.2,66.4,64.7,61.7,68.1,66.0,65.5,68.6,67.6,64.2,69.1
2017-01-04 03:25:00,71.3,62.5,66.8,66.6,61.4,67.0,66.2,66.2,68.6,66.8,65.3,68.5
2017-01-04 03:30:00,71.0,62.4,66.6,67.5,62.0,67.7,67.6,67.7,68.6,68.2,64.4,67.4
2017-01-04 03:35:00,70.6,63.3,66.1,67.6,61.7,68.0,66.7,67.5,68.6,64.9,64.5,67.1
2017-01-04 03:40:00,70.3,62.2,66.0,66.7,62.0,67.1,66.5,67.7,68.6,66.8,65.6,65.8
2017-01-04 03:45:00,70.3,62.4,66.3,67.6,61.6,68.0,66.7,66.6,65.0,66.3,64.3,68.5
2017-01-04 03:50:00,71.3,61.9,65.6,66.3,61.8,66.7,66.6,65.1,68.6,67.9,64.2,68.5
2017-01-04 03:55:00,72.5,63.9,66.5,65.2,62.0,68.2,66.0,67.5,68.6,67.7,64.8,68.1
2017-01-04 04:00:00,71.5,63.9,64.9,67.1,62.0,67.7,65.5,66.4,68.6,66.8,64.6,68.4
2017-01-04 04:05:00,72.1,62.8,64.9,66.0,62.1,67.5,65.5,67.2,68.6,66.4,65.2,67.8
2017-01-04 04:10:00,72.2,63.3,66.3,68.4,62.3,68.2,66.1,67.0,68.6,66.0,64.6,68.2
2017-01-04 04:15:00,71.3,62.5,66.1,70.1,62.3,67.6,66.7,68.1,68.6,66.2,64.9,66.5
2017-01-04 04:20:00,72.9,62.6,66.1,67.1,62.1,67.3,67.4,67.3,68.6,66.9,65.3,65.9
2017-01-04 04:25:00,72.4,62.2,66.2,67.5,62.2,67.4,66.9,65.8,68.6,66.2,65.0,67.5
2017-01-04 04:30:00,70.3,62.7,65.7,67.0,62.4,67.9,67.4,66.2,65.1,67.0,65.0,65.7
2017-01-04 04:35:00,71.8,62.0,64.8,65.5,62.4,67.7,67.3,67.7,65.0,67.0,64.2,67.1
2017-01-04 04:40:00,71.7,62.9,66.3,67.6,62.2,67.8,67.7,65.8,68.6,67.7,64.8,66.1
2017-01-04 04:45:00,70.7,63.5,66.6,66.1,61.8,67.5,67.4,65.9,65.0,67.8,64.9,67.4
2017-01-04 04:50:00,71.0,62.6,65.7,66.4,62.2,67.2,68.5,67.6,68.6,68.2,65.3,67.5
2017-01-04 04:55:00,72.2,63.7,68.6,65.4,62.3,67.8,67.9,65.6,68.6,67.5,65.2,66.1
2017-01-04 05:00:00,73.9,63.8,66.7,66.1,62.3,67.5,67.5,67.9,68.6,67.9,65.4,67.2
2017-01-04 05:05:00,73.6,64.1,66.4,66.8,62.4,67.9,66.1,68.7,68.6,67.3,65.4,66.3
2017-01-04 05:10:00,72.5,63.8,65.7,67.7,62.8,67.7,66.4,66.4,68.6,67.6,65.2,66.5
2017-01-04 05:15:00,73.0,64.1,68.5,66.8,62.1,66.8,66.5,68.2,68.6,66.3,65.5,66.5
2017-01-04 05:20:00,69.0,64.1,67.1,67.0,62.3,66.2,67.3,67.2,64.5,65.7,65.8,66.0
2017-01-04 05:25:00,68.4,64.8,70.5,66.6,62.3,66.0,67.0,67.2,68.3,66.0,66.1,66.4
2017-01-04 05:30:00,67.3,63.7,65.6,67.2,61.1,66.2,67.2,66.8,67.1,67.3,65.0,65.8
2017-01-04 05:35:00,65.9,63.5,65.8,66.7,61.4,66.7,66.8,67.2,68.2,69.0,66.1,67.4
2017-01-04 05:40:00,64.3,63.9,67.4,65.6,61.7,66.3,66.5,67.6,64.9,69.0,66.2,65.8
2017-01-04 05:45:00,64.4,64.9,67.6,65.5,63.0,65.2,66.7,66.4,65.7,68.5,66.2,66.2
2017-01-04 05:50:00,62.9,64.4,64.2,66.8,62.6,64.3,66.4,67.1,65.6,68.9,64.3,67.8
2017-01-04 05:55:00,65.4,64.6,68.7,67.4,61.3,64.4,66.6,66.7,64.5,69.0,64.5,67.5
2017-01-04 06:00:00,64.5,63.8,61.4,67.2,62.3,64.8,65.2,67.3,65.6,66.4,64.4,67.6
2017-01-04 06:05:00,64.6,65.2,61.7,66.7,60.7,64.2,65.8,67.2,65.0,66.5,64.3,67.0
2017-01-04 06:10:00,64.2,64.8,54.9,66.3,61.1,61.4,66.3,66.9,64.0,66.0,64.9,67.2
2017-01-04 06:15:00,65.0,63.9,56.3,67.0,60.9,61.4,65.7,67.2,63.9,66.8,64.9,66.8
2017-01-04 06:20:00,62.8,64.8,58.1,66.5,60.3,59.3,65.6,66.8,63.6,67.2,66.5,67.1
2017-01-04 06:25:00,62.9,64.9,57.0,67.5,61.6,56.0,65.8,67.4,64.5,66.8,64.7,68.2
2017-01-04 06:30:00,61.8,64.8,57.8,65.4,59.6,53.0,64.4,67.1,64.4,66.5,65.1,67.8
2017-01-04 06:35:00,61.0,64.0,57.2,64.9,58.2,50.8,64.7,67.2,61.4,66.2,64.1,65.9
2017-01-04 06:40:00,60.8,64.8,56.0,64.7,59.4,54.4,61.7,66.8,62.4,67.4,65.6,66.2
2017-01-04 06:45:00,61.5,64.7,55.7,65.2,57.7,57.5,61.8,67.2,63.8,68.0,64.2,66.9
2017-01-04 06:50:00,59.8,64.6,57.1,65.5,58.8,58.3,61.8,67.2,64.3,67.1,65.3,66.2
2017-01-04 06:55:00,58.5,64.8,55.6,66.0,57.3,60.4,63.0,67.3,65.4,65.9,65.9,67.1
2017-01-04 07:00:00,59.1,63.2,55.5,65.7,56.0,61.6,62.4,65.9,66.2,66.3,63.3,66.6
2017-01-04 07:05:00,59.6,63.6,55.0,66.1,56.7,60.1,60.4,66.3,64.4,64.4,62.1,66.8
2017-01-04 07:10:00,59.9,64.0,54.6,65.2,54.4,60.0,59.8,66.8,64.2,63.5,63.1,65.1
2017-01-04 07:15:00,59.1,63.9,53.3,65.6,54.6,59.1,59.0,65.2,65.7,62.6,62.5,64.6
2017-01-04 07:20:00,58.1,63.8,53.9,66.1,53.0,58.8,56.7,66.2,63.8,63.6,61.8,64.7
2017-01-04 07:25:00,58.1,64.6,52.5,66.0,53.5,59.4,55.4,67.0,63.9,63.5,60.8,65.1
2017-01-04 07:30:00,58.0,63.4,54.5,64.7,51.9,59.6,52.8,67.2,63.4,64.2,60.8,66.0
2017-01-04 07:35:00,58.1,63.5,53.9,64.9,52.5,58.5,48.3,67.7,63.3,63.2,60.3,65.1
2017-01-04 07:40:00,60.5,64.1,57.1,66.0,52.3,58.3,45.4,67.0,64.5,63.8,61.7,65.5
2017-01-04 07:45:00,60.0,64.1,56.5,65.6,43.8,59.2,42.5,67.5,65.5,64.1,61.7,65.7
2017-01-04 07:50:00,58.5,64.2,54.8,66.0,39.7,61.0,40.6,66.0,65.3,64.4,61.5,66.4
2017-01-04 07:55:00,59.8,63.8,52.9,66.8,36.8,60.9,42.4,66.5,65.5,64.7,62.7,66.3
2017-01-04 08:00:00,58.6,63.8,54.3,65.1,35.5,61.6,47.6,65.3,66.1,65.0,61.4,66.9
2017-01-04 08:05:00,58.3,63.0,54.4,64.7,35.6,60.5,55.0,64.5,66.2,65.6,60.9,65.6
2017-01-04 08:10:00,58.0,63.6,57.0,64.8,34.6,61.4,57.3,64.9,66.0,64.9,60.7,64.4
2017-01-04 08:15:00,56.8,63.8,54.3,65.3,34.7,60.6,56.4,63.0,64.8,62.4,61.3,64.5
2017-01-04 08:20:00,58.2,64.6,57.4,66.5,35.3,61.7,54.4,64.7,65.1,63.6,61.6,65.7
2017-01-04 08:25:00,57.8,64.4,59.1,66.5,34.3,62.3,51.9,65.0,64.6,64.1,60.6,64.4
2017-01-04 08:30:00,57.7,64.5,59.9,66.1,32.6,63.2,51.5,64.8,64.6,62.1,61.5,63.1
2017-01-04 08:35:00,56.9,64.4,59.5,65.7,33.4,62.9,49.1,64.9,64.4,61.9,61.7,63.8
2017-01-04 08:40:00,56.4,64.8,58.8,65.9,33.9,62.2,45.2,66.1,64.9,62.4,63.5,62.8
2017-01-04 08:45:00,57.5,63.8,58.7,66.1,33.0,62.1,41.7,66.2,64.3,61.6,61.7,61.4
2017-01-04 08:50:00,56.6,64.9,58.6,65.0,33.6,62.4,42.5,64.7,64.3,59.8,61.9,62.3
2017-01-04 08:55:00,57.8,64.6,59.8,66.5,33.4,63.6,51.7,64.9,64.9,60.3,62.4,63.1
2017-01-04 09:00:00,58.6,64.5,59.1,66.8,34.0,63.0,54.5,66.1,62.8,60.1,61.8,63.7
2017-01-04 09:05:00,60.9,64.1,56.5,66.9,38.6,62.9,54.6,66.2,63.2,61.4,61.9,64.0
2017-01-04 09:10:00,62.5,63.7,57.5,66.2,44.9,62.6,56.3,66.3,62.2,59.3,61.0,64.0
2017-01-04 09:15:00,62.4,62.7,57.7,65.9,50.1,63.1,56.9,65.3,63.8,60.1,61.5,64.1
2017-01-04 09:20:00,62.9,63.3,57.3,65.6,50.9,62.6,58.4,64.4,63.8,60.6,62.0,64.4
2017-01-04 09:25:00,63.2,63.4,58.5,65.9,50.0,63.5,57.7,65.5,64.6,61.7,62.6,65.6
2017-01-04 09:30:00,63.9,64.1,56.7,66.0,48.3,63.6,57.5,65.3,65.0,62.5,61.4,65.8
2017-01-04 09:35:00,63.6,63.7,55.7,66.5,46.6,63.0,57.5,64.9,64.9,62.3,60.6,64.0
2017-01-04 09:40:00,62.8,64.2,54.2,66.1,40.0,64.4,56.5,65.3,65.3,61.7,60.1,65.0
2017-01-04 09:45:00,61.8,64.4,57.1,65.9,42.2,63.0,58.0,65.4,65.7,62.9,59.2,63.9
2017-01-04 09:50:00,61.4,64.3,59.0,67.1,42.9,63.3,60.2,65.2,65.5,63.4,60.7,63.6
2017-01-04 09:55:00,63.8,64.2,59.5,67.0,45.2,64.4,60.8,65.3,65.0,63.9,60.0,64.1
2017-01-04 10:00:00,64.8,63.9,60.4,66.2,50.5,64.1,59.4,65.6,64.9,62.5,60.6,64.7
2017-01-04 10:05:00,65.8,64.8,58.7,66.1,53.2,65.1,59.8,65.6,65.5,61.2,61.3,63.6
2017-01-04 10:10:00,67.2,65.1,59.9,66.4,54.2,65.1,56.7,67.1,64.7,60.8,61.2,64.3
2017-01-04 10:15:00,67.0,65.3,60.3,65.8,55.1,64.7,57.0,66.9,64.9,61.6,61.5,63.8
2017-01-04 10:20:00,66.4,64.3,59.5,66.9,53.5,64.1,58.6,67.0,66.5,61.8,62.6,64.4
2017-01-04 10:25:00,66.7,64.4,59.4,65.5,55.3,64.5,59.8,66.6,66.1,60.3,62.2,63.8
2017-01-04 10:30:00,65.7,63.8,59.0,64.8,55.2,64.7,59.5,65.7,65.8,61.8,61.7,63.5
2017-01-04 10:35:00,64.8,63.2,57.4,65.6,55.6,65.2,59.7,65.2,65.4,62.0,62.5,63.2
2017-01-04 10:40:00,64.5,63.7,58.1,66.2,56.0,65.2,59.4,65.7,66.6,61.6,62.5,63.8
2017-01-04 10:45:00,64.5,63.4,57.9,67.3,56.7,64.7,59.3,65.6,65.9,62.2,61.8,64.9
2017-01-04 10:50:00,66.4,63.5,53.6,67.9,56.1,65.4,61.6,65.5,66.5,62.2,61.2,63.5
2017-01-04 10:55:00,68.3,64.2,53.6,68.4,56.5,64.7,61.1,65.3,66.8,62.2,61.9,63.7
2017-01-04 11:00:00,68.6,64.5,56.1,67.1,56.7,65.3,61.3,66.1,65.4,61.2,61.1,63.0
2017-01-04 11:05:00,69.5,64.2,58.7,67.5,54.7,65.1,62.2,65.3,64.4,62.6,61.7,63.1
2017-01-04 11:10:00,68.7,64.0,57.2,67.7,56.2,65.9,61.5,65.6,65.8,59.1,62.3,62.8
2017-01-04 11:15:00,65.7,63.9,55.3,69.1,53.7,67.7,57.7,65.5,66.4,58.1,61.5,62.2
2017-01-04 11:20:00,65.7,64.4,56.9,68.4,51.7,66.8,57.8,65.5,65.6,59.1,62.3,62.6
2017-01-04 11:25:00,66.0,64.2,58.9,68.4,50.9,67.3,58.6,65.7,66.5,59.1,61.7,62.4
2017-01-04 11:30:00,65.9,64.0,58.9,68.4,49.8,66.7,59.9,65.4,66.6,60.2,61.2,62.5
2017-01-04 11:35:00,65.3,64.2,56.0,68.4,50.9,68.0,59.6,64.5,65.9,58.4,61.7,63.4
2017-01-04 11:40:00,65.5,64.8,56.8,68.4,52.4,67.7,57.9,64.8,66.6,60.9,61.3,63.3
2017-01-04 11:45:00,65.7,64.4,58.0,68.4,49.1,66.3,56.5,65.2,65.8,59.5,60.8,63.4
2017-01-04 11:50:00,67.5,63.4,58.3,68.4,50.0,66.6,58.4,65.9,64.7,60.6,60.6,64.6
2017-01-04 11:55:00,68.3,63.8,54.6,68.4,50.7,65.5,59.9,64.9,66.1,60.8,60.8,64.2
2017-01-04 12:00:00,69.4,63.8,54.6,68.4,53.5,66.8,60.8,63.8,67.0,61.4,61.9,65.6
2017-01-04 12:05:00,68.4,63.0,56.1,68.4,52.3,66.8,60.7,66.2,66.8,62.1,63.2,65.3
2017-01-04 12:10:00,68.9,63.1,57.2,68.4,53.5,65.8,61.7,64.4,66.8,62.0,64.6,64.1
2017-01-04 12:15:00,68.8,63.0,53.8,68.4,56.4,64.8,61.6,65.3,67.0,62.1,62.9,64.9
2017-01-04 12:20:00,69.5,63.3,55.5,68.4,56.7,65.1,60.6,66.1,66.4,61.0,63.0,64.6
2017-01-04 12:25:00,68.8,63.1,54.9,68.4,53.3,65.2,61.6,66.2,66.3,62.7,62.2,65.0
2017-01-04 12:30:00,68.0,64.0,55.9,68.4,54.4,66.2,62.6,66.2,66.9,62.4,62.9,66.0
2017-01-04 12:35:00,67.2,64.0,57.1,68.4,54.3,66.7,62.0,67.1,67.2,61.8,62.6,65.7
2017-01-04 12:40:00,66.5,64.0,56.0,68.4,54.0,64.2,60.0,67.2,67.3,61.4,62.2,65.5
2017-01-04 12:45:00,68.6,63.4,55.7,68.4,54.7,66.2,60.7,66.8,67.1,62.0,62.6,65.2
2017-01-04 12:50:00,69.5,64.3,57.0,68.4,54.3,66.3,61.0,66.9,66.6,62.7,62.6,64.6
2017-01-04 12:55:00,70.1,63.4,58.0,68.4,54.4,64.9,60.7,66.9,67.4,63.8,63.2,65.9
2017-01-04 13:00:00,70.0,64.6,60.8,68.4,55.2,64.6,59.9,65.8,66.4,64.0,62.9,66.0
2017-01-04 13:05:00,69.6,63.5,61.5,68.4,55.3,65.4,60.5,65.3,65.8,65.7,62.0,65.9
2017-01-04 13:10:00,70.9,63.5,60.8,68.4,54.4,66.0,60.7,65.5,65.5,63.2,63.8,64.8
2017-01-04 13:15:00,69.6,62.9,56.2,68.4,50.3,66.1,61.1,65.2,66.9,62.8,63.7,63.5
2017-01-04 13:20:00,69.8,62.1,60.7,69.8,51.4,66.5,60.5,64.6,65.8,63.0,62.6,62.5
2017-01-04 13:25:00,69.3,62.6,60.2,69.3,53.5,66.4,60.8,64.2,65.9,61.6,63.0,62.8
2017-01-04 13:30:00,70.5,62.7,62.6,67.9,53.9,66.9,61.6,65.2,67.2,60.7,62.9,64.0
2017-01-04 13:35:00,68.1,63.2,61.7,70.0,50.9,66.3,59.5,65.5,67.5,61.3,63.9,63.4
2017-01-04 13:40:00,70.1,63.6,60.8,69.6,52.2,65.7,61.2,65.1,65.2,61.1,63.5,63.9
2017-01-04 13:45:00,70.3,63.5,59.9,70.1,53.5,65.8,60.0,65.4,64.8,60.0,63.4,63.9
2017-01-04 13:50:00,69.2,63.1,62.2,69.4,52.1,66.0,59.6,64.8,64.6,59.9,63.4,65.2
2017-01-04 13:55:00,69.5,63.3,58.6,69.6,47.6,64.6,60.0,64.4,64.5,60.4,62.5,64.4
2017-01-04 14:00:00,70.7,63.1,59.1,69.9,49.0,64.6,60.7,64.1,65.9,61.8,62.5,64.7
2017-01-04 14:05:00,71.7,63.8,60.7,69.8,51.8,66.1,61.2,64.7,66.2,60.4,62.2,64.3
2017-01-04 14:10:00,71.8,63.2,59.3,70.0,53.3,65.4,58.5,64.2,65.9,60.0,63.1,63.3
2017-01-04 14:15:00,70.3,61.6,57.1,69.1,48.8,64.2,59.4,64.1,65.8,57.6,62.8,63.4
2017-01-04 14:20:00,70.0,62.3,57.4,68.5,50.8,62.9,58.5,64.0,65.3,56.7,63.1,62.4
2017-01-04 14:25:00,71.1,61.7,54.2,68.6,51.2,62.9,59.8,63.9,65.6,58.0,62.2,62.8
2017-01-04 14:30:00,71.2,60.8,54.3,69.0,51.9,63.1,59.5,63.2,65.3,59.9,62.2,62.1
2017-01-04 14:35:00,69.1,61.6,55.2,68.1,52.1,63.2,56.2,62.7,65.6,57.4,63.0,62.3
2017-01-04 14:40:00,69.6,61.2,55.7,66.4,51.8,64.8,54.5,62.9,64.9,49.6,62.2,61.9
2017-01-04 14:45:00,68.2,58.8,54.1,63.6,51.8,65.1,53.8,60.3,64.6,36.7,63.3,59.2
2017-01-04 14:50:00,65.4,58.5,50.9,64.6,52.7,64.7,51.5,58.7,63.5,25.4,62.8,59.4
2017-01-04 14:55:00,66.2,57.4,48.4,65.2,52.5,64.0,52.7,57.0,63.0,21.4,62.3,59.8
2017-01-04 15:00:00,66.1,57.0,48.9,60.9,52.9,65.3,54.1,55.5,62.9,17.8,62.8,58.1
2017-01-04 15:05:00,65.6,53.1,51.9,59.6,51.9,65.3,54.7,54.9,62.2,16.0,62.7,56.4
2017-01-04 15:10:00,64.4,45.5,53.0,56.9,54.2,65.3,57.1,53.2,60.3,14.2,62.5,55.3
2017-01-04 15:15:00,65.6,41.0,53.8,55.2,54.3,65.4,57.0,52.5,60.0,15.5,62.7,52.7
2017-01-04 15:20:00,65.1,38.1,55.4,54.5,53.7,65.8,58.2,52.0,60.3,14.3,62.7,47.2
2017-01-04 15:25:00,65.0,37.3,54.4,54.5,53.7,64.3,57.5,50.1,57.8,12.0,62.9,40.4
2017-01-04 15:30:00,65.6,37.3,54.7,49.9,53.5,62.8,56.1,48.9,56.2,12.0,63.0,37.6
2017-01-04 15:35:00,67.9,38.9,53.0,50.8,52.4,62.9,56.3,49.9,54.3,11.5,62.9,34.3
2017-01-04 15:40:00,69.8,35.5,52.1,51.9,53.0,62.6,56.2,49.2,51.0,11.2,62.9,26.9
2017-01-04 15:45:00,69.3,34.6,53.0,51.5,53.0,61.3,53.4,49.4,49.6,11.2,63.1,22.8
2017-01-04 15:50:00,68.3,37.1,49.7,51.1,54.0,62.1,53.5,49.9,39.7,11.7,63.8,21.8
2017-01-04 15:55:00,67.8,39.5,48.6,49.8,52.8,62.0,55.0,49.1,31.6,11.6,63.0,20.8
2017-01-04 16:00:00,68.8,41.2,47.8,40.1,53.2,62.4,55.9,49.7,31.4,12.3,61.0,28.6
2017-01-04 16:05:00,68.2,37.8,48.9,35.7,51.2,63.0,55.7,49.9,31.1,11.7,62.2,28.9
2017-01-04 16:10:00,68.9,35.3,48.9,32.7,51.8,63.2,54.6,49.3,32.4,11.5,61.3,28.1
2017-01-04 16:15:00,69.2,31.5,48.7,31.2,52.7,62.9,54.4,48.1,31.7,11.2,61.9,26.8
2017-01-04 16:20:00,68.6,28.5,50.0,29.9,52.6,61.9,49.6,46.7,31.9,10.6,62.7,22.8
2017-01-04 16:25:00,68.7,25.9,49.2,28.6,52.7,62.6,51.2,47.8,30.9,12.1,62.2,21.9
2017-01-04 16:30:00,69.5,24.3,48.1,35.7,53.8,62.7,52.7,47.8,29.3,13.1,62.8,20.0
2017-01-04 16:35:00,68.7,25.6,48.0,34.6,53.4,63.0,53.6,46.9,30.0,13.4,63.4,23.3
2017-01-04 16:40:00,70.5,23.9,42.2,31.7,53.9,63.1,52.8,45.7,31.4,13.0,62.3,24.9
2017-01-04 16:45:00,70.7,21.3,37.6,36.4,54.5,61.2,51.2,47.2,31.9,12.2,62.3,23.9
2017-01-04 16:50:00,70.9,20.6,36.4,42.8,55.5,60.9,36.5,47.1,32.6,12.2,62.3,27.0
2017-01-04 16:55:00,70.6,19.3,37.8,46.9,55.7,60.8,27.1,47.6,31.5,11.5,62.7,28.9
2017-01-04 17:00:00,71.4,18.6,37.4,47.9,56.4,62.0,22.3,48.3,27.8,12.1,62.9,24.4
2017-01-04 17:05:00,69.9,19.0,39.2,48.3,55.8,62.0,19.6,46.7,23.1,12.2,62.6,26.4
2017-01-04 17:10:00,70.5,18.8,39.8,49.6,56.2,61.1,25.4,47.2,21.0,12.2,62.1,26.7
2017-01-04 17:15:00,68.4,18.7,38.9,47.8,55.5,60.6,27.4,45.6,25.0,11.8,62.2,27.3
2017-01-04 17:20:00,68.1,18.9,40.1,46.4,55.1,59.3,23.6,44.1,23.4,12.0,61.2,27.9
2017-01-04 17:25:00,67.3,18.1,38.4,45.5,54.0,60.2,17.4,45.1,19.7,11.4,61.4,27.6
2017-01-04 17:30:00,67.1,17.9,37.5,41.9,54.5,60.3,12.1,46.4,18.8,11.6,61.2,28.5
2017-01-04 17:35:00,68.9,18.3,38.3,41.0,54.8,60.2,10.0,47.9,18.2,11.4,61.4,28.5
2017-01-04 17:40:00,69.8,18.4,41.8,43.8,54.5,60.4,9.6,49.5,22.8,12.1,61.2,30.7
2017-01-04 17:45:00,69.8,18.4,41.0,44.7,54.6,59.5,9.5,49.3,27.5,12.9,62.7,36.0
2017-01-04 17:50:00,70.5,18.6,42.3,43.9,53.4,60.3,10.5,49.3,23.9,11.6,61.8,39.1
2017-01-04 17:55:00,69.6,18.3,43.9,43.7,53.6,61.2,15.7,48.8,23.2,10.6,61.5,29.2
2017-01-04 18:00:00,69.1,19.2,48.1,40.5,55.0,59.9,27.3,50.2,19.5,10.6,62.4,22.7
2017-01-04 18:05:00,70.4,20.2,48.5,41.6,55.8,60.5,42.2,51.6,18.7,8.6,61.3,16.0
2017-01-04 18:10:00,71.3,19.0,50.5,48.0,57.3,60.9,51.1,50.5,21.1,10.0,62.2,15.7
2017-01-04 18:15:00,70.7,18.7,50.1,50.8,57.2,61.4,55.9,51.5,22.9,12.4,62.7,14.0
2017-01-04 18:20:00,71.2,20.6,52.1,52.1,57.7,62.0,57.8,53.2,27.0,13.3,63.0,12.1
2017-01-04 18:25:00,69.5,20.1,52.1,53.0,58.3,62.1,58.9,52.7,24.1,14.4,62.7,12.6
2017-01-04 18:30:00,70.5,21.5,52.1,53.7,57.8,61.3,58.6,50.8,25.9,14.8,63.1,14.1
2017-01-04 18:35:00,69.5,23.4,51.9,52.8,56.7,61.9,58.9,51.9,24.5,18.3,62.3,20.7
2017-01-04 18:40:00,68.9,23.8,50.1,52.8,55.5,62.7,61.1,52.4,19.0,23.7,64.0,30.3
2017-01-04 18:45:00,68.9,25.1,50.5,48.7,54.9,61.8,61.1,54.4,16.9,30.1,63.7,40.9
2017-01-04 18:50:00,69.9,28.2,50.1,50.9,54.4,63.6,60.6,55.0,18.6,39.1,63.4,49.5
2017-01-04 18:55:00,69.7,35.5,52.3,51.6,56.4,64.2,60.1,55.2,23.8,46.6,61.6,54.9
2017-01-04 19:00:00,69.5,43.9,51.1,52.3,58.7,65.6,60.4,56.6,21.7,50.5,61.4,58.0
2017-01-04 19:05:00,70.0,51.2,53.5,53.3,58.3,65.8,58.8,57.0,22.4,51.3,62.0,59.7
2017-01-04 19:10:00,70.1,57.5,53.9,53.0,58.5,66.8,59.3,58.3,22.5,50.2,62.1,61.1
2017-01-04 19:15:00,69.8,58.6,55.0,53.9,59.8,66.4,58.7,59.7,24.2,51.1,62.8,61.2
2017-01-04 19:20:00,68.9,59.2,56.2,54.3,59.0,65.4,57.1,59.6,38.5,52.6,62.1,60.1
2017-01-04 19:25:00,68.4,59.5,56.8,52.5,59.0,67.1,56.2,60.3,49.2,54.5,62.2,60.6
2017-01-04 19:30:00,68.4,59.9,56.8,51.8,58.7,67.5,59.1,60.7,55.2,50.3,62.8,61.7
2017-01-04 19:35:00,67.7,60.6,59.1,54.4,58.5,64.3,58.9,61.5,56.3,46.2,62.8,61.1
2017-01-04 19:40:00,67.3,61.6,58.8,55.9,57.1,65.1,59.1,62.5,58.5,49.3,62.8,61.7
2017-01-04 19:45:00,67.9,61.0,58.9,57.5,57.2,66.2,60.5,62.3,60.7,53.5,64.0,60.7
2017-01-04 19:50:00,68.6,63.0,59.6,59.8,57.8,65.4,61.4,63.4,61.9,56.5,64.6,62.7
2017-01-04 19:55:00,68.5,62.8,61.1,59.8,57.7,66.5,62.5,64.1,62.7,58.8,63.2,62.7
2017-01-04 20:00:00,68.7,62.8,61.5,61.7,57.3,67.2,63.0,64.9,61.3,58.2,63.8,61.6
2017-01-04 20:05:00,68.1,62.9,61.5,62.3,58.4,65.2,62.0,66.0,61.5,59.2,64.1,61.7
2017-01-04 20:10:00,68.0,62.8,62.5,62.2,58.4,65.4,61.2,64.9,61.3,55.9,63.9,62.6
2017-01-04 20:15:00,68.2,61.5,61.1,61.3,56.4,63.9,61.4,63.9,61.1,57.0,63.4,63.8
2017-01-04 20:20:00,67.2,61.0,60.5,60.9,57.9,63.9,62.0,63.0,61.6,57.5,62.7,63.3
2017-01-04 20:25:00,66.3,61.3,60.8,61.3,59.8,64.4,63.4,62.7,61.6,58.7,61.6,64.6
2017-01-04 20:30:00,67.2,61.6,60.5,61.0,60.6,64.1,63.1,62.7,61.8,60.7,61.9,63.6
2017-01-04 20:35:00,68.8,62.5,59.8,62.9,59.7,65.8,64.6,63.7,62.8,60.7,61.8,63.6
2017-01-04 20:40:00,69.4,63.3,62.2,62.3,60.5,64.4,64.8,64.0,62.8,60.8,62.9,64.8
2017-01-04 20:45:00,69.9,62.9,60.7,63.7,60.7,63.9,64.7,63.9,62.7,60.9,63.7,65.5
2017-01-04 20:50:00,69.8,62.4,58.9,62.6,61.3,63.0,63.1,64.5,62.9,61.9,63.4,64.6
2017-01-04 20:55:00,69.5,62.8,59.9,63.3,61.2,63.3,63.5,64.3,63.8,61.4,62.4,65.3
2017-01-04 21:00:00,69.4,63.0,63.0,63.0,60.4,63.9,64.2,64.6,62.4,62.1,61.7,65.2
2017-01-04 21:05:00,68.7,63.3,62.3,60.8,59.6,63.4,63.3,64.4,62.3,63.8,62.6,65.9
2017-01-04 21:10:00,68.9,62.7,63.0,60.8,59.2,63.7,61.6,64.2,63.4,63.7,63.4,64.5
2017-01-04 21:15:00,68.7,62.1,62.3,60.0,58.0,63.2,60.2,65.6,61.3,62.7,62.4,64.5
2017-01-04 21:20:00,68.4,62.1,63.2,60.2,58.5,61.6,59.4,65.4,59.3,64.4,63.0,63.1
2017-01-04 21:25:00,69.1,62.1,62.3,59.2,58.1,62.8,59.7,65.0,59.3,65.4,62.1,62.2
2017-01-04 21:30:00,69.4,62.7,63.2,59.3,56.4,64.0,59.1,65.0,60.1,64.9,62.5,62.9
2017-01-04 21:35:00,68.7,62.8,61.6,59.3,57.6,65.5,60.0,65.0,59.5,64.8,61.9,63.1
2017-01-04 21:40:00,69.1,62.5,60.2,57.1,57.1,65.8,59.9,65.7,59.4,64.4,62.7,62.7
2017-01-04 21:45:00,68.3,63.2,61.7,57.1,58.7,64.6,60.8,66.1,59.7,63.6,61.8,63.7
2017-01-04 21:50:00,67.9,63.2,61.8,57.2,58.4,63.0,61.7,65.3,60.0,64.1,60.4,63.9
2017-01-04 21:55:00,69.1,62.9,60.5,59.0,58.8,64.1,62.0,64.8,61.5,63.4,61.6,62.5
2017-01-04 22:00:00,68.5,63.2,61.3,60.4,59.3,66.1,61.0,66.1,61.8,62.9,62.5,62.4
2017-01-04 22:05:00,68.6,62.6,62.0,62.8,58.8,65.2,60.8,65.8,62.6,62.2,63.7,61.4
2017-01-04 22:10:00,67.8,63.5,62.6,63.8,59.6,64.9,59.7,65.9,62.2,61.3,62.2,62.6
2017-01-04 22:15:00,68.3,63.6,63.2,63.8,58.3,65.2,60.2,67.1,62.0,59.9,63.7,62.9
2017-01-04 22:20:00,67.2,64.2,61.9,63.8,59.0,65.2,61.1,66.2,62.1,59.6,62.3,63.3
2017-01-04 22:25:00,67.3,64.3,63.0,63.8,59.8,65.1,61.1,65.7,62.6,60.6,64.2,63.5
2017-01-04 22:30:00,69.4,63.1,63.6,63.8,60.4,64.7,58.6,66.3,63.1,62.8,65.1,63.5
2017-01-04 22:35:00,68.9,64.9,60.7,63.8,60.9,64.9,61.5,67.8,61.9,64.1,64.8,64.9
2017-01-04 22:40:00,70.1,63.2,61.3,63.8,61.3,67.6,62.8,66.9,61.8,63.4,64.2,65.0
2017-01-04 22:45:00,70.4,64.0,60.4,63.8,61.7,65.3,63.8,66.5,64.1,64.3,64.6,65.8
2017-01-04 22:50:00,70.0,65.0,63.9,63.8,61.9,66.3,64.1,68.0,63.8,65.7,64.9,66.3
2017-01-04 22:55:00,70.5,64.6,62.5,63.8,61.7,66.6,63.2,68.1,63.2,65.9,65.0,65.8
2017-01-04 23:00:00,70.5,64.9,62.6,63.8,61.8,67.5,63.0,67.8,62.6,66.0,64.3,65.7
2017-01-04 23:05:00,70.0,64.6,63.7,63.8,61.9,66.8,63.8,67.0,62.8,65.3,63.7,65.9
2017-01-04 23:10:00,69.0,64.8,63.1,63.8,61.9,64.0,62.0,66.8,61.1,63.2,63.6,66.6
2017-01-04 23:15:00,68.9,64.4,62.7,63.8,60.5,65.5,60.3,68.0,60.3,61.7,65.2,65.8
2017-01-04 23:20:00,69.2,64.8,61.1,63.8,60.5,65.8,62.2,67.0,62.5,62.4,65.5,65.0
2017-01-04 23:25:00,69.9,64.5,63.5,63.8,60.8,66.6,63.4,67.5,62.5,62.2,64.7,65.8
2017-01-04 23:30:00,69.4,64.8,63.6,63.8,61.1,66.8,63.7,66.8,61.3,62.3,65.2,65.9
2017-01-04 23:35:00,69.6,64.6,64.0,63.8,61.5,66.5,63.4,67.3,62.6,64.3,64.8,67.3
2017-01-04 23:40:00,69.7,65.2,65.0,63.8,61.6,66.4,63.5,67.9,62.1,64.6,64.8,67.1
2017-01-04 23:45:00,70.3,64.8,65.5,63.8,61.5,66.5,64.1,66.8,63.2,65.4,65.3,67.9
2017-01-04 23:50:00,70.6,64.3,66.0,63.8,61.6,66.5,65.7,66.6,64.0,65.6,65.3,67.7
2017-01-04 23:55:00,70.4,63.7,66.0,63.8,61.8,67.6,65.3,67.3,64.5,67.1,65.3,67.1
