trip_id,vehicle_hash,start_time,origin_zone,destination_zone,distance_km,travel_time_min
T0240,V097,2026-03-02 00:00:00,Z04,Z04,15.94,59.72
T0804,V177,2026-03-02 00:15:00,Z04,Z01,18.04,9.6
T0026,V108,2026-03-02 00:15:00,Z02,Z04,2.76,24.8
T0219,V077,2026-03-02 00:30:00,Z01,Z04,4.88,73.98
T0638,V138,2026-03-02 01:15:00,Z02,Z02,15.86,69.67
T0159,V131,2026-03-02 01:15:00,Z01,Z01,21.84,20.18
T0489,V049,2026-03-02 01:30:00,Z03,Z01,14.69,59.42
T0326,V132,2026-03-02 02:00:00,Z01,Z02,21.68,21.24
T0570,V170,2026-03-02 02:15:00,Z01,Z03,19.83,37.21
T0274,V037,2026-03-02 02:45:00,Z03,Z04,22.7,45.75
T0803,V107,2026-03-02 03:30:00,Z02,Z03,4.03,39.95
T0251,V038,2026-03-02 03:45:00,Z02,Z02,14.99,40.59
T0248,V132,2026-03-02 03:45:00,Z03,Z03,18.81,50.4
T0278,V024,2026-03-02 04:45:00,Z03,Z03,14.97,28.2
T0352,V174,2026-03-02 04:45:00,Z04,Z02,8.72,53.19
T0646,V151,2026-03-02 04:45:00,Z01,Z02,22.85,62.22
T0689,V054,2026-03-02 05:30:00,Z02,Z03,22.19,45.51
T0518,V019,2026-03-02 05:30:00,Z01,Z04,9.72,15.61
T0734,V115,2026-03-02 06:15:00,Z03,Z02,11.21,68.26
T0282,V140,2026-03-02 06:15:00,Z04,Z01,2.55,57.52
T0301,V166,2026-03-02 06:30:00,Z01,Z02,6.37,63.62
T0698,V101,2026-03-02 07:45:00,Z02,Z02,15.3,40.02
T0010,V055,2026-03-02 07:45:00,Z04,Z03,19.87,38.33
T0421,V134,2026-03-02 08:00:00,Z03,Z03,17.12,60.22
T0187,V036,2026-03-02 08:15:00,Z04,Z03,5.12,13.19
T0028,V107,2026-03-02 09:15:00,Z01,Z01,14.44,51.17
T0716,V042,2026-03-02 09:30:00,Z04,Z01,22.32,13.96
T0005,V161,2026-03-02 09:30:00,Z02,Z02,19.14,66.04
T0652,V063,2026-03-02 10:00:00,Z03,Z03,13.77,8.93
T0119,V011,2026-03-02 11:00:00,Z02,Z02,20.82,73.73
T0883,V171,2026-03-02 12:15:00,Z04,Z04,22.95,20.39
T0859,V066,2026-03-02 12:15:00,Z01,Z04,16.38,66.93
T0653,V081,2026-03-02 13:15:00,Z01,Z04,15.86,12.01
T0524,V123,2026-03-02 13:45:00,Z04,Z03,14.74,33.57
T0687,V088,2026-03-02 13:45:00,Z04,Z04,11.1,66.89
T0423,V124,2026-03-02 14:15:00,Z04,Z03,2.88,27.4
T0014,V074,2026-03-02 14:30:00,Z04,Z01,16.46,42.2
T0420,V127,2026-03-02 15:30:00,Z01,Z04,20.36,26.77
T0544,V161,2026-03-02 15:45:00,Z01,Z04,11.79,72.25
T0064,V021,2026-03-02 15:45:00,Z04,Z03,21.78,49.59
T0868,V180,2026-03-02 16:00:00,Z03,Z04,15.54,8.15
T0629,V031,2026-03-02 16:15:00,Z02,Z03,21.05,37.55
T0619,V024,2026-03-02 16:45:00,Z02,Z01,8.02,34.07
T0006,V112,2026-03-02 17:15:00,Z02,Z01,12.55,46.03
T0426,V176,2026-03-02 17:15:00,Z04,Z03,6.64,51.61
T0021,V021,2026-03-02 17:15:00,Z04,Z04,10.66,25.41
T0812,V166,2026-03-02 18:00:00,Z03,Z04,10.35,9.65
T0406,V005,2026-03-02 19:15:00,Z03,Z01,7.55,9.09
T0575,V150,2026-03-02 19:15:00,Z01,Z03,19.59,68.48
T0222,V032,2026-03-02 21:45:00,Z01,Z04,4.14,28.02
T0856,V152,2026-03-02 22:15:00,Z03,Z04,19.6,27.7
T0634,V092,2026-03-02 23:00:00,Z01,Z04,11.5,59.05
T0790,V147,2026-03-03 00:00:00,Z03,Z03,23.98,31.01
T0453,V077,2026-03-03 00:45:00,Z04,Z01,7.15,9.56
T0516,V072,2026-03-03 01:15:00,Z04,Z04,11.41,70.83
T0456,V145,2026-03-03 01:30:00,Z01,Z01,12.4,61.21
T0787,V174,2026-03-03 02:30:00,Z04,Z01,16.55,39.4
T0002,V075,2026-03-03 02:45:00,Z03,Z01,10.89,38.95
T0223,V028,2026-03-03 03:45:00,Z03,Z01,18.86,29.51
T0895,V023,2026-03-03 04:15:00,Z02,Z02,18.18,55.36
T0439,V007,2026-03-03 04:30:00,Z04,Z04,5.57,34.67
T0078,V073,2026-03-03 04:45:00,Z02,Z03,20.74,46.92
T0448,V152,2026-03-03 05:30:00,Z04,Z04,14.21,72.97
T0153,V024,2026-03-03 05:45:00,Z03,Z01,3.98,37.2
T0568,V023,2026-03-03 06:15:00,Z03,Z03,20.91,26.87
T0263,V170,2026-03-03 07:00:00,Z04,Z01,17.5,25.44
T0899,V121,2026-03-03 07:00:00,Z04,Z02,21.4,10.29
T0451,V138,2026-03-03 07:15:00,Z02,Z04,3.44,57.29
T0447,V022,2026-03-03 07:30:00,Z04,Z03,22.04,49.42
T0035,V098,2026-03-03 08:00:00,Z04,Z01,3.12,35.57
T0669,V023,2026-03-03 08:00:00,Z04,Z01,7.38,58.94
T0780,V096,2026-03-03 08:15:00,Z02,Z04,13.16,12.7
T0769,V118,2026-03-03 08:30:00,Z02,Z01,21.31,53.76
T0519,V084,2026-03-03 09:00:00,Z02,Z04,17.84,63.04
T0649,V068,2026-03-03 09:00:00,Z01,Z03,19.98,9.63
T0848,V123,2026-03-03 09:45:00,Z04,Z02,13.63,62.87
T0039,V169,2026-03-03 10:30:00,Z02,Z04,13.44,70.98
T0894,V138,2026-03-03 10:45:00,Z04,Z04,12.36,40.89
T0697,V092,2026-03-03 10:45:00,Z04,Z03,2.54,42.81
T0292,V070,2026-03-03 10:45:00,Z01,Z02,11.16,26.94
T0813,V005,2026-03-03 10:45:00,Z03,Z03,13.06,63.84
T0714,V089,2026-03-03 11:45:00,Z03,Z04,13.05,35.61
T0595,V150,2026-03-03 11:45:00,Z01,Z04,4.94,59.72
T0009,V022,2026-03-03 12:00:00,Z02,Z04,11.26,20.47
T0073,V050,2026-03-03 12:45:00,Z04,Z04,16.1,51.53
T0320,V124,2026-03-03 12:45:00,Z01,Z01,4.95,29.52
T0735,V144,2026-03-03 13:45:00,Z04,Z04,4.41,23.11
T0695,V082,2026-03-03 14:15:00,Z04,Z02,20.05,41.4
T0643,V073,2026-03-03 14:15:00,Z01,Z02,7.17,17.34
T0091,V011,2026-03-03 15:45:00,Z03,Z01,6.98,22.56
T0342,V084,2026-03-03 15:45:00,Z01,Z03,3.99,16.69
T0469,V049,2026-03-03 15:45:00,Z04,Z04,20.02,25.57
T0702,V075,2026-03-03 16:00:00,Z04,Z03,14.46,37.07
T0105,V034,2026-03-03 16:00:00,Z03,Z02,8.0,72.29
T0058,V148,2026-03-03 16:45:00,Z03,Z02,23.31,58.48
T0197,V005,2026-03-03 17:15:00,Z02,Z04,15.02,74.08
T0514,V020,2026-03-03 17:15:00,Z03,Z04,21.19,60.92
T0204,V077,2026-03-03 17:45:00,Z01,Z04,23.46,70.02
T0778,V059,2026-03-03 17:45:00,Z01,Z04,20.7,70.95
T0890,V110,2026-03-03 18:15:00,Z04,Z04,20.52,8.55
T0184,V048,2026-03-03 18:15:00,Z03,Z02,9.09,42.73
T0746,V096,2026-03-03 18:45:00,Z02,Z02,3.98,55.39
T0003,V066,2026-03-03 19:00:00,Z04,Z02,11.88,31.86
T0685,V065,2026-03-03 19:30:00,Z03,Z04,11.01,18.74
T0711,V151,2026-03-03 20:00:00,Z02,Z02,21.93,19.43
T0315,V155,2026-03-03 20:15:00,Z02,Z02,20.73,55.03
T0072,V072,2026-03-03 20:30:00,Z03,Z04,11.37,31.86
T0690,V061,2026-03-03 21:00:00,Z01,Z01,10.73,13.51
T0482,V129,2026-03-03 21:15:00,Z03,Z01,12.05,55.06
T0462,V152,2026-03-03 21:30:00,Z03,Z04,11.34,47.2
T0617,V141,2026-03-03 22:15:00,Z04,Z01,3.87,26.98
T0529,V023,2026-03-03 22:15:00,Z04,Z02,9.9,18.48
T0732,V041,2026-03-03 22:30:00,Z04,Z02,12.88,41.31
T0045,V110,2026-03-03 22:45:00,Z02,Z04,18.75,63.59
T0436,V072,2026-03-03 22:45:00,Z02,Z01,7.4,21.02
T0651,V073,2026-03-03 23:00:00,Z03,Z02,12.53,20.18
T0375,V002,2026-03-03 23:45:00,Z04,Z04,13.06,30.6
T0493,V072,2026-03-03 23:45:00,Z01,Z04,20.15,49.71
T0841,V009,2026-03-03 23:45:00,Z02,Z02,17.73,61.87
T0358,V008,2026-03-03 23:45:00,Z02,Z03,7.76,64.71
T0381,V079,2026-03-04 00:30:00,Z03,Z03,19.46,60.3
T0386,V073,2026-03-04 00:45:00,Z02,Z03,14.6,37.05
T0591,V164,2026-03-04 01:15:00,Z01,Z01,21.34,31.24
T0604,V086,2026-03-04 01:30:00,Z01,Z01,16.87,57.37
T0110,V002,2026-03-04 01:30:00,Z03,Z02,16.71,13.41
T0228,V076,2026-03-04 01:30:00,Z02,Z01,22.46,62.59
T0244,V131,2026-03-04 01:45:00,Z03,Z03,4.95,60.93
T0844,V161,2026-03-04 01:45:00,Z02,Z01,14.23,15.14
T0271,V174,2026-03-04 02:00:00,Z01,Z01,16.5,29.88
T0036,V053,2026-03-04 02:15:00,Z03,Z02,16.81,16.6
T0885,V085,2026-03-04 02:30:00,Z02,Z04,9.77,29.95
T0405,V169,2026-03-04 04:15:00,Z02,Z02,16.71,10.37
T0351,V167,2026-03-04 04:30:00,Z01,Z03,16.06,68.15
T0718,V072,2026-03-04 04:30:00,Z02,Z02,4.41,8.38
T0157,V052,2026-03-04 04:30:00,Z01,Z03,9.26,68.01
T0241,V098,2026-03-04 05:15:00,Z04,Z03,23.59,26.77
T0820,V065,2026-03-04 05:30:00,Z03,Z03,16.8,71.93
T0527,V084,2026-03-04 05:30:00,Z02,Z03,18.03,54.96
T0627,V014,2026-03-04 06:45:00,Z03,Z02,7.27,60.73
T0701,V019,2026-03-04 07:00:00,Z02,Z02,13.21,47.9
T0580,V037,2026-03-04 08:00:00,Z01,Z03,3.08,69.46
T0725,V048,2026-03-04 09:00:00,Z01,Z04,21.84,11.12
T0336,V029,2026-03-04 09:30:00,Z01,Z04,8.7,46.25
T0532,V069,2026-03-04 10:00:00,Z01,Z02,6.42,34.97
T0783,V115,2026-03-04 10:00:00,Z01,Z02,2.6,66.16
T0579,V104,2026-03-04 10:30:00,Z01,Z01,5.99,32.37
T0087,V031,2026-03-04 10:30:00,Z04,Z02,22.37,54.09
T0069,V062,2026-03-04 10:45:00,Z03,Z04,8.52,57.71
T0747,V100,2026-03-04 11:00:00,Z04,Z03,17.84,44.98
T0838,V063,2026-03-04 11:15:00,Z01,Z04,5.43,58.34
T0090,V159,2026-03-04 11:30:00,Z03,Z01,22.85,24.32
T0102,V056,2026-03-04 11:45:00,Z02,Z03,23.1,11.23
T0845,V032,2026-03-04 12:30:00,Z01,Z01,6.95,58.74
T0080,V164,2026-03-04 12:30:00,Z02,Z01,4.79,62.15
T0258,V013,2026-03-04 12:45:00,Z02,Z03,22.89,18.54
T0822,V019,2026-03-04 13:30:00,Z04,Z03,19.9,16.44
T0875,V020,2026-03-04 14:00:00,Z03,Z04,16.34,62.56
T0755,V162,2026-03-04 14:45:00,Z01,Z03,11.52,26.77
T0597,V002,2026-03-04 15:00:00,Z02,Z01,4.26,40.13
T0622,V016,2026-03-04 15:30:00,Z01,Z02,10.53,35.96
T0534,V005,2026-03-04 15:30:00,Z01,Z03,3.31,40.8
T0743,V107,2026-03-04 15:45:00,Z01,Z04,9.52,73.56
T0585,V101,2026-03-04 16:00:00,Z02,Z02,17.16,53.48
T0169,V088,2026-03-04 17:00:00,Z04,Z02,12.21,18.91
T0121,V142,2026-03-04 17:00:00,Z01,Z04,20.59,35.59
T0331,V017,2026-03-04 17:15:00,Z04,Z03,18.88,68.52
T0297,V018,2026-03-04 17:30:00,Z01,Z03,7.51,27.28
T0467,V160,2026-03-04 19:30:00,Z02,Z03,6.87,24.93
T0561,V161,2026-03-04 19:30:00,Z03,Z01,6.81,49.76
T0655,V046,2026-03-04 20:30:00,Z01,Z02,14.22,12.54
T0309,V084,2026-03-04 21:00:00,Z04,Z01,9.16,23.06
T0303,V152,2026-03-04 21:00:00,Z03,Z03,16.62,57.41
T0174,V010,2026-03-04 21:00:00,Z02,Z01,22.97,62.78
T0647,V176,2026-03-04 21:15:00,Z03,Z02,10.18,25.84
T0042,V157,2026-03-04 21:15:00,Z03,Z01,10.03,38.08
T0207,V068,2026-03-04 21:30:00,Z02,Z02,16.47,21.05
T0253,V170,2026-03-04 22:45:00,Z02,Z01,20.85,38.69
T0298,V127,2026-03-04 22:45:00,Z03,Z03,16.09,36.69
T0765,V161,2026-03-05 00:15:00,Z03,Z03,22.37,33.36
T0876,V077,2026-03-05 00:45:00,Z04,Z04,8.63,50.53
T0408,V033,2026-03-05 00:45:00,Z01,Z03,16.78,18.31
T0178,V079,2026-03-05 00:45:00,Z01,Z03,22.79,51.37
T0033,V025,2026-03-05 01:15:00,Z03,Z02,8.76,17.63
T0363,V159,2026-03-05 01:45:00,Z04,Z01,18.92,65.25
T0441,V069,2026-03-05 02:30:00,Z03,Z01,8.97,63.55
T0149,V067,2026-03-05 03:00:00,Z02,Z02,8.76,46.63
T0745,V172,2026-03-05 03:15:00,Z02,Z04,12.36,55.69
T0143,V072,2026-03-05 03:30:00,Z01,Z02,19.94,9.3
T0833,V133,2026-03-05 04:00:00,Z03,Z01,23.52,53.54
T0233,V070,2026-03-05 04:00:00,Z02,Z03,10.69,47.15
T0762,V063,2026-03-05 04:15:00,Z01,Z01,4.48,20.15
T0081,V015,2026-03-05 04:15:00,Z02,Z02,13.1,36.52
T0642,V063,2026-03-05 04:45:00,Z02,Z03,4.28,57.14
T0805,V023,2026-03-05 05:15:00,Z04,Z02,17.33,63.16
T0459,V180,2026-03-05 05:15:00,Z04,Z01,4.35,51.31
T0310,V148,2026-03-05 05:45:00,Z02,Z01,9.0,54.81
T0131,V056,2026-03-05 06:00:00,Z03,Z02,9.71,10.08
T0468,V031,2026-03-05 07:00:00,Z02,Z01,7.72,39.59
T0259,V143,2026-03-05 07:30:00,Z01,Z03,20.45,48.79
T0581,V022,2026-03-05 07:30:00,Z02,Z01,15.3,21.68
T0849,V084,2026-03-05 09:30:00,Z01,Z03,14.52,35.96
T0726,V126,2026-03-05 10:00:00,Z04,Z02,2.62,36.32
T0214,V140,2026-03-05 10:00:00,Z02,Z01,14.73,24.15
T0449,V123,2026-03-05 10:00:00,Z03,Z02,4.44,66.17
T0809,V128,2026-03-05 10:15:00,Z01,Z04,23.82,17.26
T0330,V019,2026-03-05 10:15:00,Z04,Z04,18.09,48.3
T0630,V108,2026-03-05 10:30:00,Z04,Z04,21.0,31.43
T0267,V070,2026-03-05 12:15:00,Z02,Z04,18.39,59.33
T0542,V176,2026-03-05 12:30:00,Z02,Z01,9.41,62.02
T0047,V061,2026-03-05 12:45:00,Z01,Z02,14.63,49.06
T0237,V076,2026-03-05 12:45:00,Z02,Z02,5.06,57.74
T0407,V179,2026-03-05 13:15:00,Z02,Z01,17.47,33.12
T0744,V143,2026-03-05 13:30:00,Z01,Z01,10.15,42.24
T0446,V030,2026-03-05 14:15:00,Z02,Z01,21.69,47.92
T0038,V139,2026-03-05 14:30:00,Z03,Z01,11.74,45.63
T0316,V149,2026-03-05 15:00:00,Z03,Z02,8.32,43.83
T0473,V127,2026-03-05 16:15:00,Z03,Z03,22.88,46.24
T0782,V167,2026-03-05 16:30:00,Z02,Z01,5.98,34.25
T0011,V034,2026-03-05 16:30:00,Z04,Z03,20.75,45.53
T0558,V050,2026-03-05 16:45:00,Z01,Z04,9.52,71.83
T0889,V118,2026-03-05 16:45:00,Z03,Z02,14.9,13.41
T0717,V024,2026-03-05 17:30:00,Z02,Z04,19.07,32.47
T0158,V014,2026-03-05 17:30:00,Z02,Z02,23.35,70.99
T0466,V076,2026-03-05 17:45:00,Z01,Z02,5.64,28.53
T0050,V090,2026-03-05 18:15:00,Z03,Z02,3.26,60.68
T0671,V047,2026-03-05 18:30:00,Z02,Z02,19.23,37.5
T0806,V096,2026-03-05 19:00:00,Z01,Z02,9.93,65.73
T0739,V167,2026-03-05 19:15:00,Z03,Z01,20.19,31.53
T0287,V142,2026-03-05 19:45:00,Z01,Z04,23.5,29.32
T0830,V131,2026-03-05 20:00:00,Z02,Z04,11.39,73.59
T0000,V044,2026-03-05 20:30:00,Z02,Z01,12.09,36.91
T0201,V090,2026-03-05 20:30:00,Z02,Z04,17.43,56.72
T0870,V110,2026-03-05 20:45:00,Z03,Z02,23.72,71.85
T0861,V027,2026-03-05 21:30:00,Z04,Z02,15.49,58.25
T0255,V135,2026-03-05 21:45:00,Z03,Z02,20.02,20.26
T0392,V014,2026-03-05 22:00:00,Z02,Z01,16.94,30.58
T0370,V108,2026-03-05 22:00:00,Z04,Z04,13.51,56.43
T0712,V072,2026-03-05 22:15:00,Z04,Z03,23.59,35.93
T0632,V056,2026-03-05 22:15:00,Z02,Z02,11.23,19.74
T0142,V020,2026-03-05 22:45:00,Z03,Z04,7.09,67.3
T0818,V107,2026-03-05 23:00:00,Z01,Z04,2.88,72.46
T0847,V002,2026-03-05 23:00:00,Z04,Z02,10.99,55.34
T0059,V072,2026-03-05 23:45:00,Z04,Z01,15.81,13.22
T0684,V023,2026-03-06 00:15:00,Z02,Z02,4.37,46.91
T0322,V129,2026-03-06 00:15:00,Z02,Z03,11.89,73.3
T0826,V179,2026-03-06 00:45:00,Z02,Z03,13.79,38.24
T0317,V030,2026-03-06 01:00:00,Z01,Z04,17.63,39.14
T0249,V041,2026-03-06 01:00:00,Z02,Z01,12.88,45.51
T0225,V039,2026-03-06 01:15:00,Z03,Z04,2.78,31.26
T0730,V158,2026-03-06 01:30:00,Z01,Z04,14.38,22.02
T0660,V133,2026-03-06 01:45:00,Z04,Z01,12.36,66.44
T0828,V072,2026-03-06 01:45:00,Z04,Z03,10.67,12.19
T0736,V105,2026-03-06 01:45:00,Z03,Z02,9.72,15.82
T0016,V151,2026-03-06 02:45:00,Z03,Z03,10.84,40.45
T0757,V131,2026-03-06 03:00:00,Z04,Z03,2.5,72.68
T0772,V062,2026-03-06 03:30:00,Z02,Z03,21.03,16.58
T0098,V162,2026-03-06 04:30:00,Z03,Z01,21.95,41.23
T0450,V068,2026-03-06 04:45:00,Z02,Z02,11.57,43.15
T0294,V122,2026-03-06 05:45:00,Z02,Z04,23.45,47.24
T0740,V131,2026-03-06 06:30:00,Z01,Z01,11.44,27.51
T0791,V047,2026-03-06 07:45:00,Z01,Z01,23.76,71.48
T0626,V041,2026-03-06 08:15:00,Z04,Z01,10.52,64.07
T0307,V073,2026-03-06 09:00:00,Z01,Z03,10.7,28.92
T0577,V079,2026-03-06 09:15:00,Z04,Z01,8.75,67.2
T0054,V124,2026-03-06 09:15:00,Z02,Z02,13.44,60.49
T0146,V070,2026-03-06 09:15:00,Z02,Z03,4.39,19.35
T0548,V076,2026-03-06 09:30:00,Z03,Z02,7.68,25.65
T0659,V050,2026-03-06 09:30:00,Z04,Z03,4.78,35.48
T0027,V027,2026-03-06 10:00:00,Z01,Z04,20.58,44.09
T0247,V115,2026-03-06 10:00:00,Z01,Z04,11.97,12.57
T0416,V031,2026-03-06 10:30:00,Z01,Z04,10.53,46.54
T0758,V011,2026-03-06 10:30:00,Z02,Z04,13.57,17.77
T0397,V042,2026-03-06 12:45:00,Z04,Z02,14.59,32.28
T0041,V130,2026-03-06 13:45:00,Z03,Z04,11.24,23.74
T0057,V118,2026-03-06 14:30:00,Z04,Z01,10.87,67.26
T0892,V023,2026-03-06 15:15:00,Z04,Z03,4.28,32.04
T0612,V033,2026-03-06 15:45:00,Z04,Z02,18.84,20.6
T0554,V093,2026-03-06 16:00:00,Z04,Z03,22.51,69.09
T0236,V023,2026-03-06 16:00:00,Z03,Z03,7.28,10.54
T0457,V134,2026-03-06 16:30:00,Z02,Z01,23.34,41.3
T0290,V121,2026-03-06 16:30:00,Z04,Z01,23.0,34.33
T0374,V043,2026-03-06 17:15:00,Z02,Z03,17.67,60.18
T0768,V116,2026-03-06 17:45:00,Z02,Z02,11.0,65.85
T0339,V027,2026-03-06 18:15:00,Z03,Z02,3.35,67.04
T0475,V115,2026-03-06 18:45:00,Z04,Z04,18.64,35.3
T0345,V119,2026-03-06 18:45:00,Z03,Z02,22.29,25.8
T0779,V179,2026-03-06 18:45:00,Z04,Z02,14.2,34.28
T0851,V117,2026-03-06 18:45:00,Z04,Z02,4.41,49.06
T0553,V127,2026-03-06 20:00:00,Z02,Z04,16.16,26.48
T0353,V029,2026-03-06 20:15:00,Z03,Z01,11.33,74.07
T0471,V179,2026-03-06 20:30:00,Z02,Z04,17.18,62.23
T0012,V117,2026-03-06 21:00:00,Z03,Z04,22.76,23.82
T0203,V160,2026-03-06 21:00:00,Z03,Z03,19.3,50.93
T0472,V036,2026-03-06 22:00:00,Z04,Z01,19.36,31.27
T0503,V100,2026-03-06 22:15:00,Z02,Z03,3.62,66.9
T0427,V145,2026-03-06 22:30:00,Z01,Z03,13.78,30.59
T0118,V055,2026-03-06 23:00:00,Z01,Z03,13.83,63.79
T0511,V036,2026-03-07 00:00:00,Z01,Z02,17.46,51.89
T0479,V080,2026-03-07 00:00:00,Z02,Z03,13.24,34.76
T0835,V016,2026-03-07 00:00:00,Z02,Z04,22.61,66.02
T0827,V022,2026-03-07 00:00:00,Z01,Z03,14.26,50.45
T0866,V007,2026-03-07 00:15:00,Z03,Z01,18.97,29.71
T0637,V124,2026-03-07 00:30:00,Z01,Z04,9.61,52.4
T0504,V041,2026-03-07 00:45:00,Z02,Z02,14.3,63.69
T0082,V021,2026-03-07 01:00:00,Z03,Z03,15.11,39.01
T0113,V119,2026-03-07 01:00:00,Z03,Z04,10.65,41.52
T0891,V090,2026-03-07 01:00:00,Z02,Z02,14.0,46.24
T0720,V036,2026-03-07 01:15:00,Z04,Z04,22.44,65.38
T0724,V058,2026-03-07 01:30:00,Z01,Z03,12.47,25.26
T0678,V068,2026-03-07 01:45:00,Z01,Z02,23.72,39.81
T0200,V094,2026-03-07 02:00:00,Z02,Z03,9.38,22.77
T0318,V087,2026-03-07 02:45:00,Z03,Z03,5.23,14.72
T0328,V015,2026-03-07 03:00:00,Z01,Z03,4.86,46.59
T0232,V003,2026-03-07 03:15:00,Z02,Z03,12.82,31.26
T0114,V159,2026-03-07 03:30:00,Z03,Z02,20.67,52.43
T0793,V099,2026-03-07 03:30:00,Z01,Z04,8.52,27.07
T0096,V053,2026-03-07 04:00:00,Z01,Z03,16.2,69.41
T0603,V028,2026-03-07 04:30:00,Z03,Z02,4.6,48.17
T0177,V043,2026-03-07 05:00:00,Z02,Z03,18.82,39.62
T0060,V023,2026-03-07 05:00:00,Z03,Z03,9.59,17.19
T0703,V155,2026-03-07 05:15:00,Z01,Z02,10.95,29.2
T0120,V151,2026-03-07 06:30:00,Z02,Z04,18.01,20.06
T0863,V066,2026-03-07 06:45:00,Z04,Z04,13.94,52.8
T0132,V142,2026-03-07 07:15:00,Z02,Z04,22.28,57.59
T0840,V164,2026-03-07 07:15:00,Z04,Z02,19.81,64.51
T0154,V104,2026-03-07 08:30:00,Z01,Z02,21.39,44.33
T0531,V122,2026-03-07 08:45:00,Z02,Z04,22.99,57.94
T0625,V007,2026-03-07 09:15:00,Z04,Z04,9.61,73.47
T0754,V041,2026-03-07 09:30:00,Z03,Z01,20.91,45.44
T0601,V134,2026-03-07 10:00:00,Z03,Z02,18.52,15.1
T0074,V028,2026-03-07 10:30:00,Z01,Z02,14.7,42.5
T0525,V166,2026-03-07 11:00:00,Z03,Z03,4.66,21.99
T0325,V036,2026-03-07 11:30:00,Z02,Z02,21.69,29.1
T0576,V152,2026-03-07 12:00:00,Z01,Z02,20.9,19.67
T0499,V149,2026-03-07 12:30:00,Z01,Z03,22.92,39.73
T0138,V072,2026-03-07 12:30:00,Z04,Z01,2.96,59.23
T0185,V161,2026-03-07 13:00:00,Z01,Z02,10.81,41.9
T0869,V161,2026-03-07 13:15:00,Z01,Z02,22.29,40.5
T0329,V149,2026-03-07 13:45:00,Z04,Z01,3.23,74.02
T0422,V041,2026-03-07 14:15:00,Z02,Z04,11.98,41.53
T0706,V082,2026-03-07 14:15:00,Z02,Z04,17.21,11.58
T0112,V080,2026-03-07 15:15:00,Z03,Z03,17.56,67.77
T0399,V104,2026-03-07 15:45:00,Z04,Z04,5.62,9.96
T0708,V078,2026-03-07 16:15:00,Z03,Z01,7.74,10.35
T0394,V111,2026-03-07 16:30:00,Z04,Z01,4.29,17.41
T0023,V051,2026-03-07 16:45:00,Z03,Z03,16.86,32.83
T0864,V160,2026-03-07 17:00:00,Z03,Z02,20.81,13.14
T0628,V101,2026-03-07 17:00:00,Z02,Z02,16.78,11.69
T0636,V125,2026-03-07 17:15:00,Z02,Z04,16.57,26.92
T0296,V002,2026-03-07 17:30:00,Z02,Z02,7.39,23.22
T0541,V167,2026-03-07 17:45:00,Z02,Z03,10.04,73.69
T0160,V169,2026-03-07 18:00:00,Z02,Z04,9.14,29.72
T0520,V138,2026-03-07 18:15:00,Z03,Z04,4.83,61.15
T0602,V122,2026-03-07 18:15:00,Z01,Z04,18.06,66.08
T0189,V096,2026-03-07 18:45:00,Z01,Z03,23.8,25.92
T0206,V102,2026-03-07 19:15:00,Z03,Z02,20.18,32.15
T0083,V026,2026-03-07 19:15:00,Z03,Z03,3.62,15.17
T0584,V027,2026-03-07 19:30:00,Z03,Z02,5.62,59.08
T0029,V027,2026-03-07 19:30:00,Z02,Z04,18.31,26.61
T0641,V030,2026-03-07 19:45:00,Z01,Z02,5.52,70.53
T0582,V005,2026-03-07 19:45:00,Z03,Z03,5.35,44.56
T0488,V082,2026-03-07 20:00:00,Z03,Z04,18.1,11.47
T0611,V027,2026-03-07 20:45:00,Z02,Z04,14.01,36.05
T0231,V045,2026-03-07 21:00:00,Z03,Z02,6.83,13.95
T0109,V008,2026-03-07 21:00:00,Z03,Z02,19.0,43.22
T0162,V150,2026-03-07 21:30:00,Z02,Z03,19.59,8.55
T0498,V002,2026-03-07 21:30:00,Z04,Z02,19.65,42.19
T0194,V007,2026-03-07 22:15:00,Z02,Z01,18.93,64.13
T0442,V052,2026-03-07 22:45:00,Z03,Z03,8.63,70.89
T0056,V104,2026-03-07 23:00:00,Z03,Z03,7.32,43.17
T0850,V049,2026-03-07 23:15:00,Z02,Z02,21.79,43.92
T0784,V142,2026-03-07 23:30:00,Z02,Z04,3.41,53.23
T0266,V120,2026-03-07 23:45:00,Z04,Z01,22.39,28.98
T0130,V072,2026-03-08 01:00:00,Z03,Z03,16.3,60.73
T0101,V124,2026-03-08 01:00:00,Z03,Z03,19.88,32.71
T0872,V103,2026-03-08 01:15:00,Z03,Z04,8.99,62.87
T0610,V118,2026-03-08 01:30:00,Z02,Z03,10.38,12.32
T0676,V154,2026-03-08 02:00:00,Z03,Z04,12.71,16.08
T0887,V171,2026-03-08 02:15:00,Z01,Z04,18.44,13.78
T0066,V145,2026-03-08 02:15:00,Z03,Z01,6.12,29.46
T0341,V082,2026-03-08 02:30:00,Z01,Z01,18.77,31.61
T0403,V080,2026-03-08 03:00:00,Z04,Z04,13.87,28.31
T0411,V041,2026-03-08 03:15:00,Z02,Z02,16.69,37.66
T0681,V138,2026-03-08 03:15:00,Z04,Z03,5.43,27.33
T0564,V085,2026-03-08 04:15:00,Z04,Z03,8.97,58.53
T0854,V109,2026-03-08 06:15:00,Z01,Z01,18.61,48.8
T0385,V057,2026-03-08 07:00:00,Z01,Z01,12.22,20.96
T0182,V033,2026-03-08 07:45:00,Z04,Z04,5.98,29.53
T0164,V034,2026-03-08 08:30:00,Z02,Z02,10.61,14.47
T0063,V056,2026-03-08 08:45:00,Z03,Z03,21.79,63.87
T0785,V062,2026-03-08 08:45:00,Z03,Z02,2.73,64.67
T0387,V006,2026-03-08 09:15:00,Z03,Z04,14.15,14.15
T0425,V141,2026-03-08 09:45:00,Z03,Z01,23.04,38.34
T0402,V148,2026-03-08 10:00:00,Z03,Z01,11.84,44.66
T0371,V055,2026-03-08 10:00:00,Z04,Z01,9.89,66.35
T0313,V020,2026-03-08 10:30:00,Z04,Z04,18.46,37.65
T0125,V010,2026-03-08 10:45:00,Z01,Z03,8.94,25.53
T0123,V002,2026-03-08 11:30:00,Z04,Z04,19.46,53.05
T0372,V096,2026-03-08 11:45:00,Z03,Z04,12.0,64.51
T0767,V083,2026-03-08 12:30:00,Z04,Z02,15.63,34.29
T0705,V038,2026-03-08 12:45:00,Z04,Z02,4.17,63.84
T0319,V080,2026-03-08 14:00:00,Z03,Z03,7.04,70.63
T0763,V145,2026-03-08 14:00:00,Z02,Z02,14.09,55.84
T0127,V031,2026-03-08 14:00:00,Z02,Z04,15.02,41.37
T0409,V173,2026-03-08 14:45:00,Z02,Z03,9.87,70.56
T0543,V155,2026-03-08 15:00:00,Z03,Z01,8.06,35.05
T0539,V130,2026-03-08 15:00:00,Z02,Z01,23.61,9.31
T0494,V128,2026-03-08 15:30:00,Z03,Z01,19.9,14.26
T0438,V049,2026-03-08 15:45:00,Z03,Z02,5.28,60.63
T0556,V034,2026-03-08 16:00:00,Z03,Z03,21.88,59.5
T0722,V121,2026-03-08 16:00:00,Z02,Z04,18.94,12.86
T0085,V180,2026-03-08 16:15:00,Z02,Z02,22.46,69.06
T0792,V094,2026-03-08 16:30:00,Z02,Z04,9.06,60.21
T0834,V033,2026-03-08 16:45:00,Z02,Z03,22.45,51.59
T0396,V141,2026-03-08 16:45:00,Z01,Z04,22.56,30.35
T0412,V143,2026-03-08 17:00:00,Z03,Z01,14.9,12.95
T0893,V127,2026-03-08 18:00:00,Z01,Z02,15.96,44.62
T0795,V133,2026-03-08 18:15:00,Z04,Z04,21.03,35.66
T0252,V169,2026-03-08 18:30:00,Z04,Z02,17.74,44.96
T0133,V045,2026-03-08 18:45:00,Z02,Z04,4.3,71.37
T0837,V038,2026-03-08 19:00:00,Z02,Z02,23.01,50.96
T0196,V044,2026-03-08 19:30:00,Z04,Z01,7.4,22.71
T0470,V077,2026-03-08 19:45:00,Z04,Z01,8.16,40.39
T0771,V010,2026-03-08 19:45:00,Z02,Z02,10.66,16.65
T0257,V036,2026-03-08 20:00:00,Z01,Z01,16.09,24.92
T0808,V122,2026-03-08 20:15:00,Z03,Z02,15.48,63.26
T0111,V052,2026-03-08 21:00:00,Z04,Z02,4.72,62.88
T0055,V170,2026-03-08 21:30:00,Z02,Z01,2.56,27.8
T0572,V077,2026-03-08 21:30:00,Z01,Z01,3.56,20.69
T0752,V060,2026-03-08 21:30:00,Z03,Z02,9.51,46.41
T0496,V024,2026-03-08 21:30:00,Z03,Z03,2.62,29.97
T0413,V108,2026-03-08 22:00:00,Z03,Z04,8.4,16.09
T0256,V156,2026-03-08 23:30:00,Z01,Z02,2.81,26.76
T0390,V068,2026-03-08 23:30:00,Z04,Z03,13.84,71.47
T0093,V052,2026-03-09 00:15:00,Z04,Z03,22.78,64.66
T0573,V023,2026-03-09 01:00:00,Z04,Z04,16.24,32.28
T0024,V075,2026-03-09 01:15:00,Z03,Z04,22.69,47.3
T0217,V126,2026-03-09 01:15:00,Z03,Z01,6.0,23.93
T0285,V042,2026-03-09 01:15:00,Z04,Z01,9.32,41.98
T0148,V017,2026-03-09 01:30:00,Z02,Z02,5.48,71.01
T0485,V172,2026-03-09 01:30:00,Z02,Z01,3.38,22.66
T0089,V179,2026-03-09 01:45:00,Z01,Z03,6.19,13.11
T0571,V071,2026-03-09 01:45:00,Z03,Z04,13.07,59.39
T0526,V158,2026-03-09 02:00:00,Z01,Z02,19.17,37.21
T0817,V037,2026-03-09 03:15:00,Z01,Z01,3.05,52.35
T0492,V082,2026-03-09 03:30:00,Z01,Z03,16.79,42.7
T0019,V093,2026-03-09 03:30:00,Z04,Z04,6.4,49.45
T0874,V106,2026-03-09 03:45:00,Z03,Z04,12.98,48.65
T0633,V110,2026-03-09 04:00:00,Z04,Z02,7.26,11.27
T0281,V145,2026-03-09 04:45:00,Z03,Z01,4.4,42.88
T0183,V086,2026-03-09 04:45:00,Z03,Z03,20.25,45.28
T0522,V042,2026-03-09 06:15:00,Z02,Z04,16.41,52.04
T0663,V106,2026-03-09 07:00:00,Z04,Z04,7.5,28.27
T0476,V178,2026-03-09 08:15:00,Z01,Z01,11.39,37.66
T0478,V171,2026-03-09 08:30:00,Z01,Z04,14.51,44.85
T0106,V032,2026-03-09 08:30:00,Z04,Z04,6.29,66.55
T0193,V096,2026-03-09 08:30:00,Z03,Z04,11.7,74.03
T0788,V079,2026-03-09 11:15:00,Z03,Z04,18.1,41.17
T0477,V077,2026-03-09 11:45:00,Z04,Z04,10.04,33.33
T0742,V177,2026-03-09 12:00:00,Z01,Z03,14.09,28.0
T0538,V102,2026-03-09 12:00:00,Z04,Z02,17.11,10.14
T0609,V151,2026-03-09 12:15:00,Z04,Z03,19.86,33.22
T0220,V010,2026-03-09 12:15:00,Z04,Z03,19.81,53.77
T0545,V133,2026-03-09 12:45:00,Z02,Z01,17.15,39.06
T0797,V154,2026-03-09 13:00:00,Z04,Z03,15.22,51.93
T0186,V034,2026-03-09 13:30:00,Z02,Z01,22.82,23.73
T0079,V086,2026-03-09 13:45:00,Z03,Z02,5.14,38.18
T0429,V167,2026-03-09 14:00:00,Z04,Z04,13.97,25.85
T0719,V003,2026-03-09 14:00:00,Z02,Z03,10.12,49.67
T0517,V095,2026-03-09 14:45:00,Z02,Z02,19.42,72.16
T0878,V040,2026-03-09 15:45:00,Z01,Z01,15.48,35.76
T0031,V060,2026-03-09 15:45:00,Z01,Z03,11.51,33.67
T0474,V125,2026-03-09 16:00:00,Z01,Z04,3.3,24.96
T0562,V168,2026-03-09 17:30:00,Z04,Z02,17.56,60.82
T0770,V152,2026-03-09 17:30:00,Z02,Z04,3.76,16.53
T0530,V058,2026-03-09 17:30:00,Z02,Z02,10.3,34.68
T0144,V016,2026-03-09 18:15:00,Z02,Z02,19.99,71.69
T0839,V151,2026-03-09 18:15:00,Z03,Z02,16.18,26.35
T0268,V024,2026-03-09 18:45:00,Z04,Z03,16.12,52.73
T0404,V094,2026-03-09 18:45:00,Z04,Z03,4.23,48.47
T0270,V025,2026-03-09 19:00:00,Z04,Z03,3.98,72.25
T0180,V008,2026-03-09 19:30:00,Z01,Z01,7.88,23.22
T0308,V146,2026-03-09 19:45:00,Z04,Z03,16.46,53.35
T0855,V132,2026-03-09 20:15:00,Z02,Z02,5.84,27.45
T0877,V140,2026-03-09 20:15:00,Z01,Z02,10.22,25.51
T0376,V052,2026-03-09 20:30:00,Z03,Z03,11.58,73.2
T0304,V119,2026-03-09 20:45:00,Z04,Z03,20.72,43.87
T0235,V140,2026-03-09 21:00:00,Z01,Z03,14.61,36.65
T0092,V033,2026-03-09 21:00:00,Z02,Z03,4.97,62.91
T0097,V135,2026-03-09 21:45:00,Z01,Z03,4.3,10.76
T0733,V086,2026-03-09 22:30:00,Z04,Z04,18.32,19.03
T0145,V097,2026-03-09 23:15:00,Z03,Z03,20.09,22.08
T0022,V078,2026-03-09 23:30:00,Z04,Z04,4.66,29.7
T0046,V038,2026-03-10 00:00:00,Z02,Z02,7.83,74.68
T0293,V001,2026-03-10 00:15:00,Z03,Z04,11.1,28.41
T0156,V068,2026-03-10 00:15:00,Z01,Z01,6.08,14.69
T0547,V057,2026-03-10 01:30:00,Z01,Z03,13.7,31.89
T0359,V068,2026-03-10 01:30:00,Z03,Z01,16.42,68.07
T0829,V107,2026-03-10 02:00:00,Z02,Z04,23.45,69.16
T0151,V090,2026-03-10 02:15:00,Z04,Z04,13.82,57.77
T0195,V033,2026-03-10 02:15:00,Z02,Z02,7.15,45.75
T0136,V111,2026-03-10 02:15:00,Z02,Z04,13.91,30.26
T0811,V131,2026-03-10 02:15:00,Z04,Z01,21.89,60.72
T0378,V178,2026-03-10 03:15:00,Z02,Z01,16.11,28.0
T0620,V071,2026-03-10 03:30:00,Z02,Z04,3.3,19.55
T0361,V114,2026-03-10 03:45:00,Z03,Z04,19.06,44.57
T0181,V025,2026-03-10 05:30:00,Z03,Z03,8.82,29.77
T0502,V020,2026-03-10 05:30:00,Z01,Z03,19.91,71.57
T0440,V097,2026-03-10 06:30:00,Z01,Z01,15.67,66.5
T0040,V090,2026-03-10 06:45:00,Z01,Z02,13.27,15.03
T0373,V025,2026-03-10 07:30:00,Z01,Z02,10.6,35.53
T0362,V042,2026-03-10 07:45:00,Z04,Z04,6.59,12.13
T0410,V086,2026-03-10 08:15:00,Z02,Z03,16.09,23.43
T0664,V068,2026-03-10 08:30:00,Z03,Z02,3.59,34.41
T0455,V011,2026-03-10 08:45:00,Z02,Z04,15.74,23.73
T0815,V113,2026-03-10 09:00:00,Z03,Z01,4.42,38.69
T0175,V069,2026-03-10 09:30:00,Z02,Z04,19.2,54.97
T0382,V134,2026-03-10 10:00:00,Z04,Z02,5.36,55.02
T0816,V155,2026-03-10 10:30:00,Z02,Z01,13.79,67.28
T0168,V105,2026-03-10 10:30:00,Z03,Z01,5.29,72.02
T0234,V092,2026-03-10 10:45:00,Z04,Z04,3.62,51.45
T0333,V157,2026-03-10 10:45:00,Z04,Z02,13.92,44.12
T0486,V099,2026-03-10 10:45:00,Z03,Z02,5.62,44.9
T0460,V165,2026-03-10 11:00:00,Z02,Z02,22.9,10.57
T0311,V094,2026-03-10 12:30:00,Z01,Z03,20.82,61.58
T0521,V087,2026-03-10 12:45:00,Z02,Z03,21.83,48.52
T0661,V062,2026-03-10 13:15:00,Z04,Z03,7.31,57.32
T0865,V092,2026-03-10 13:30:00,Z01,Z04,22.45,68.96
T0495,V179,2026-03-10 13:45:00,Z01,Z01,23.58,39.92
T0260,V015,2026-03-10 13:45:00,Z04,Z01,7.79,60.42
T0615,V060,2026-03-10 14:30:00,Z04,Z02,20.94,56.7
T0384,V082,2026-03-10 15:00:00,Z03,Z01,9.49,34.38
T0574,V146,2026-03-10 15:00:00,Z02,Z02,10.26,50.49
T0607,V121,2026-03-10 15:30:00,Z01,Z01,5.52,15.62
T0483,V152,2026-03-10 16:00:00,Z03,Z04,6.17,20.6
T0550,V013,2026-03-10 16:00:00,Z02,Z01,18.83,13.0
T0896,V134,2026-03-10 16:30:00,Z01,Z04,21.4,47.73
T0510,V107,2026-03-10 16:30:00,Z01,Z01,20.15,69.89
T0226,V172,2026-03-10 17:00:00,Z03,Z04,8.21,73.21
T0723,V009,2026-03-10 17:15:00,Z01,Z03,7.61,60.39
T0291,V140,2026-03-10 17:30:00,Z02,Z03,8.74,57.41
T0680,V155,2026-03-10 18:00:00,Z03,Z02,11.87,15.39
T0897,V080,2026-03-10 19:00:00,Z04,Z01,21.43,42.32
T0128,V159,2026-03-10 19:15:00,Z04,Z02,22.98,61.24
T0401,V089,2026-03-10 19:15:00,Z01,Z01,15.04,56.57
T0365,V058,2026-03-10 19:45:00,Z02,Z03,17.3,10.74
T0170,V089,2026-03-10 20:15:00,Z01,Z04,23.0,30.11
T0288,V175,2026-03-10 20:15:00,Z02,Z04,6.02,60.41
T0509,V124,2026-03-10 20:30:00,Z01,Z03,10.78,30.77
T0419,V079,2026-03-10 20:30:00,Z04,Z04,8.07,36.64
T0867,V079,2026-03-10 20:45:00,Z03,Z04,8.87,54.94
T0332,V055,2026-03-10 21:00:00,Z04,Z02,8.67,25.51
T0305,V112,2026-03-10 21:15:00,Z02,Z04,5.61,13.07
T0858,V093,2026-03-10 21:30:00,Z04,Z02,8.06,44.11
T0044,V099,2026-03-10 21:45:00,Z04,Z01,19.3,38.37
T0300,V025,2026-03-10 22:00:00,Z01,Z01,16.25,30.79
T0696,V067,2026-03-10 22:30:00,Z04,Z03,21.0,21.02
T0417,V033,2026-03-10 23:30:00,Z04,Z01,12.81,38.46
T0505,V070,2026-03-10 23:30:00,Z03,Z01,11.9,62.01
T0586,V058,2026-03-11 00:00:00,Z03,Z02,19.06,52.09
T0537,V169,2026-03-11 01:30:00,Z02,Z01,10.69,30.01
T0852,V094,2026-03-11 01:45:00,Z03,Z03,20.87,50.08
T0163,V054,2026-03-11 02:15:00,Z01,Z04,15.37,55.85
T0212,V067,2026-03-11 02:15:00,Z04,Z04,10.41,8.05
T0043,V162,2026-03-11 02:30:00,Z01,Z03,7.25,15.76
T0302,V125,2026-03-11 05:00:00,Z04,Z04,20.22,62.31
T0067,V044,2026-03-11 05:00:00,Z04,Z04,16.41,28.14
T0179,V137,2026-03-11 05:15:00,Z02,Z04,8.08,31.9
T0049,V168,2026-03-11 05:15:00,Z04,Z03,12.71,45.7
T0108,V098,2026-03-11 05:30:00,Z02,Z02,23.36,55.75
T0789,V158,2026-03-11 06:00:00,Z03,Z02,3.17,25.25
T0192,V028,2026-03-11 06:15:00,Z03,Z01,7.01,9.31
T0491,V109,2026-03-11 06:15:00,Z03,Z01,21.15,11.56
T0166,V160,2026-03-11 06:15:00,Z02,Z01,21.26,32.69
T0807,V144,2026-03-11 06:30:00,Z04,Z01,22.65,34.15
T0670,V062,2026-03-11 07:15:00,Z01,Z03,10.58,18.27
T0824,V096,2026-03-11 07:30:00,Z03,Z03,12.45,52.35
T0295,V143,2026-03-11 07:30:00,Z02,Z03,3.97,38.7
T0052,V125,2026-03-11 08:00:00,Z03,Z04,3.42,18.46
T0536,V174,2026-03-11 08:15:00,Z03,Z04,7.74,34.54
T0565,V072,2026-03-11 09:00:00,Z01,Z04,10.02,66.5
T0137,V002,2026-03-11 09:30:00,Z02,Z04,7.04,54.9
T0707,V146,2026-03-11 09:45:00,Z02,Z01,15.17,66.73
T0523,V037,2026-03-11 09:45:00,Z02,Z04,3.54,73.01
T0165,V010,2026-03-11 10:15:00,Z04,Z01,6.78,39.82
T0801,V018,2026-03-11 10:30:00,Z04,Z04,22.5,16.73
T0692,V145,2026-03-11 10:45:00,Z03,Z03,19.03,11.64
T0759,V148,2026-03-11 10:45:00,Z02,Z02,7.92,64.08
T0348,V126,2026-03-11 11:30:00,Z04,Z01,11.17,47.7
T0265,V157,2026-03-11 11:45:00,Z04,Z03,6.23,51.21
T0761,V104,2026-03-11 12:15:00,Z02,Z04,7.37,29.1
T0836,V096,2026-03-11 12:45:00,Z04,Z02,6.25,42.2
T0623,V038,2026-03-11 13:15:00,Z02,Z01,7.68,59.28
T0424,V016,2026-03-11 13:15:00,Z03,Z01,21.43,57.12
T0683,V151,2026-03-11 14:00:00,Z01,Z01,9.38,47.23
T0355,V088,2026-03-11 15:30:00,Z01,Z03,14.06,20.85
T0666,V085,2026-03-11 16:45:00,Z03,Z01,23.97,21.75
T0552,V167,2026-03-11 17:00:00,Z01,Z03,7.39,44.75
T0605,V061,2026-03-11 17:45:00,Z01,Z03,18.03,25.32
T0501,V001,2026-03-11 18:15:00,Z04,Z04,20.28,43.27
T0124,V020,2026-03-11 18:30:00,Z03,Z01,8.16,33.09
T0728,V026,2026-03-11 18:45:00,Z01,Z02,11.65,19.88
T0242,V122,2026-03-11 19:00:00,Z01,Z02,16.9,35.26
T0599,V083,2026-03-11 19:15:00,Z02,Z03,11.9,24.44
T0354,V095,2026-03-11 19:15:00,Z02,Z01,20.51,72.82
T0218,V120,2026-03-11 19:45:00,Z01,Z04,12.36,29.28
T0798,V082,2026-03-11 20:00:00,Z04,Z03,13.16,38.38
T0340,V026,2026-03-11 20:45:00,Z03,Z01,16.67,65.08
T0346,V009,2026-03-11 20:45:00,Z04,Z02,10.19,37.42
T0008,V041,2026-03-11 21:00:00,Z02,Z03,9.89,60.18
T0497,V061,2026-03-11 21:30:00,Z01,Z04,19.4,11.44
T0161,V092,2026-03-11 21:45:00,Z01,Z02,2.53,67.78
T0715,V104,2026-03-11 22:00:00,Z02,Z02,21.59,8.04
T0415,V101,2026-03-11 22:15:00,Z04,Z01,19.86,28.74
T0624,V024,2026-03-11 22:15:00,Z04,Z04,21.86,54.95
T0071,V169,2026-03-11 22:30:00,Z04,Z04,5.23,70.15
T0800,V043,2026-03-11 22:45:00,Z04,Z01,13.67,49.41
T0323,V123,2026-03-11 23:15:00,Z01,Z02,22.47,52.69
T0546,V002,2026-03-11 23:30:00,Z02,Z01,10.36,61.53
T0229,V057,2026-03-11 23:45:00,Z01,Z04,14.06,44.19
T0592,V030,2026-03-12 00:00:00,Z04,Z02,3.86,44.58
T0155,V062,2026-03-12 00:45:00,Z04,Z02,9.62,31.65
T0367,V106,2026-03-12 01:15:00,Z01,Z03,8.78,35.53
T0704,V106,2026-03-12 01:30:00,Z04,Z03,11.08,53.73
T0751,V134,2026-03-12 02:30:00,Z03,Z04,12.33,73.3
T0631,V119,2026-03-12 02:30:00,Z02,Z04,15.36,69.94
T0668,V092,2026-03-12 02:45:00,Z03,Z01,11.98,37.63
T0454,V139,2026-03-12 03:30:00,Z04,Z02,20.67,57.03
T0658,V089,2026-03-12 04:15:00,Z03,Z03,13.13,68.11
T0051,V045,2026-03-12 04:30:00,Z01,Z04,22.92,60.46
T0312,V152,2026-03-12 04:45:00,Z03,Z04,18.31,9.81
T0549,V106,2026-03-12 04:45:00,Z02,Z01,20.08,37.73
T0343,V074,2026-03-12 05:00:00,Z03,Z04,6.91,36.3
T0688,V119,2026-03-12 05:00:00,Z03,Z04,6.23,26.09
T0122,V047,2026-03-12 05:15:00,Z02,Z02,8.07,28.88
T0347,V169,2026-03-12 06:00:00,Z03,Z03,23.13,29.97
T0115,V141,2026-03-12 06:15:00,Z01,Z01,23.55,32.11
T0596,V171,2026-03-12 06:30:00,Z01,Z02,9.71,43.26
T0004,V092,2026-03-12 06:30:00,Z01,Z04,8.04,67.46
T0437,V016,2026-03-12 06:30:00,Z01,Z03,3.03,70.55
T0139,V166,2026-03-12 07:30:00,Z03,Z03,15.26,54.76
T0487,V057,2026-03-12 08:15:00,Z02,Z01,4.14,25.86
T0276,V101,2026-03-12 09:30:00,Z01,Z01,21.44,18.15
T0245,V175,2026-03-12 09:45:00,Z02,Z04,18.58,22.17
T0094,V087,2026-03-12 10:15:00,Z02,Z03,20.05,26.9
T0700,V060,2026-03-12 10:45:00,Z02,Z03,17.43,36.21
T0588,V101,2026-03-12 10:45:00,Z02,Z01,5.2,44.07
T0380,V003,2026-03-12 11:00:00,Z03,Z02,10.33,17.4
T0760,V052,2026-03-12 11:00:00,Z04,Z01,7.8,36.42
T0393,V038,2026-03-12 12:15:00,Z04,Z03,16.53,72.58
T0284,V070,2026-03-12 13:00:00,Z03,Z04,7.25,33.99
T0239,V122,2026-03-12 13:00:00,Z02,Z03,19.16,24.32
T0299,V158,2026-03-12 13:30:00,Z02,Z03,18.59,48.93
T0327,V107,2026-03-12 13:30:00,Z03,Z02,7.34,25.29
T0213,V122,2026-03-12 13:45:00,Z01,Z04,17.92,24.58
T0129,V011,2026-03-12 13:45:00,Z01,Z01,9.99,20.97
T0452,V172,2026-03-12 14:00:00,Z02,Z03,15.31,64.38
T0314,V015,2026-03-12 14:15:00,Z04,Z04,15.31,71.68
T0428,V068,2026-03-12 14:15:00,Z02,Z01,6.26,36.36
T0587,V177,2026-03-12 14:30:00,Z01,Z01,23.76,44.11
T0261,V138,2026-03-12 14:30:00,Z04,Z02,22.23,25.76
T0484,V101,2026-03-12 14:30:00,Z02,Z01,9.79,34.49
T0709,V027,2026-03-12 14:30:00,Z03,Z02,18.31,17.21
T0388,V153,2026-03-12 14:45:00,Z02,Z01,14.35,51.94
T0613,V075,2026-03-12 15:00:00,Z02,Z04,19.01,40.29
T0583,V151,2026-03-12 15:00:00,Z02,Z04,21.5,30.76
T0608,V088,2026-03-12 15:15:00,Z04,Z01,6.83,10.12
T0350,V134,2026-03-12 15:45:00,Z01,Z04,6.41,74.3
T0464,V048,2026-03-12 15:45:00,Z03,Z01,8.5,73.66
T0135,V072,2026-03-12 16:00:00,Z03,Z01,15.59,16.97
T0731,V102,2026-03-12 16:45:00,Z02,Z04,15.83,43.6
T0756,V088,2026-03-12 16:45:00,Z02,Z02,10.74,50.9
T0881,V143,2026-03-12 18:45:00,Z01,Z04,5.22,69.84
T0465,V145,2026-03-12 19:15:00,Z03,Z02,6.72,37.46
T0729,V056,2026-03-12 19:30:00,Z04,Z02,21.41,8.14
T0667,V157,2026-03-12 20:00:00,Z01,Z03,17.63,65.57
T0443,V084,2026-03-12 20:30:00,Z04,Z03,23.81,45.31
T0202,V157,2026-03-12 20:45:00,Z02,Z04,17.28,71.92
T0075,V150,2026-03-12 22:15:00,Z01,Z02,16.35,51.05
T0654,V114,2026-03-12 22:15:00,Z01,Z02,18.06,18.19
T0250,V034,2026-03-12 22:30:00,Z03,Z01,23.81,59.02
T0821,V012,2026-03-12 22:45:00,Z02,Z04,19.02,32.58
T0032,V053,2026-03-12 22:45:00,Z02,Z03,2.52,36.63
T0126,V062,2026-03-12 22:45:00,Z04,Z02,9.71,19.96
T0461,V055,2026-03-12 23:30:00,Z01,Z02,13.07,9.32
T0458,V152,2026-03-12 23:45:00,Z03,Z02,8.73,27.49
T0037,V011,2026-03-13 01:00:00,Z01,Z01,12.0,34.95
T0013,V055,2026-03-13 01:45:00,Z03,Z03,22.94,9.0
T0621,V136,2026-03-13 01:45:00,Z04,Z01,21.14,49.03
T0141,V104,2026-03-13 01:45:00,Z04,Z01,17.09,33.29
T0774,V063,2026-03-13 02:00:00,Z02,Z03,3.41,38.04
T0321,V056,2026-03-13 02:00:00,Z02,Z03,5.02,61.28
T0100,V141,2026-03-13 02:00:00,Z04,Z01,15.25,73.54
T0369,V163,2026-03-13 03:00:00,Z01,Z02,16.97,42.08
T0862,V002,2026-03-13 03:15:00,Z01,Z02,13.38,25.28
T0557,V103,2026-03-13 03:45:00,Z02,Z01,4.96,47.42
T0694,V061,2026-03-13 04:00:00,Z04,Z01,18.4,66.49
T0246,V042,2026-03-13 04:15:00,Z03,Z01,19.08,74.23
T0418,V025,2026-03-13 04:45:00,Z02,Z04,21.68,37.64
T0368,V045,2026-03-13 04:45:00,Z03,Z01,22.97,67.17
T0383,V110,2026-03-13 04:45:00,Z04,Z01,5.08,60.19
T0533,V154,2026-03-13 05:00:00,Z01,Z04,18.75,55.59
T0551,V173,2026-03-13 05:15:00,Z02,Z03,5.48,37.32
T0275,V101,2026-03-13 05:30:00,Z01,Z04,6.42,42.66
T0208,V144,2026-03-13 05:30:00,Z04,Z02,22.97,73.39
T0172,V118,2026-03-13 05:45:00,Z01,Z04,12.79,15.04
T0400,V116,2026-03-13 05:45:00,Z04,Z03,12.74,30.38
T0563,V085,2026-03-13 06:00:00,Z03,Z02,15.34,49.28
T0018,V044,2026-03-13 06:30:00,Z02,Z01,18.02,54.92
T0277,V158,2026-03-13 07:00:00,Z01,Z03,16.51,26.13
T0088,V040,2026-03-13 07:15:00,Z04,Z04,3.92,63.2
T0209,V156,2026-03-13 07:15:00,Z03,Z01,6.22,14.18
T0262,V060,2026-03-13 07:15:00,Z02,Z01,23.92,41.88
T0337,V086,2026-03-13 07:45:00,Z03,Z04,13.69,10.73
T0324,V110,2026-03-13 08:00:00,Z01,Z03,15.78,46.04
T0776,V116,2026-03-13 08:30:00,Z03,Z04,12.96,24.58
T0567,V168,2026-03-13 08:30:00,Z04,Z02,4.99,46.59
T0490,V112,2026-03-13 08:30:00,Z02,Z01,11.93,26.68
T0569,V025,2026-03-13 08:30:00,Z01,Z03,23.38,64.71
T0741,V056,2026-03-13 08:45:00,Z03,Z03,10.69,54.99
T0086,V017,2026-03-13 09:00:00,Z03,Z02,22.21,8.66
T0662,V126,2026-03-13 10:15:00,Z04,Z03,3.95,24.94
T0699,V119,2026-03-13 10:30:00,Z01,Z02,3.49,35.97
T0435,V164,2026-03-13 10:45:00,Z04,Z04,18.34,31.06
T0691,V142,2026-03-13 11:00:00,Z03,Z02,6.25,24.71
T0656,V162,2026-03-13 11:30:00,Z02,Z03,21.49,36.01
T0190,V145,2026-03-13 12:15:00,Z02,Z02,6.65,43.02
T0842,V073,2026-03-13 12:30:00,Z03,Z04,17.5,8.12
T0199,V043,2026-03-13 13:45:00,Z03,Z02,13.46,10.72
T0500,V046,2026-03-13 14:15:00,Z04,Z02,21.5,13.89
T0254,V179,2026-03-13 14:30:00,Z01,Z02,20.36,27.57
T0391,V167,2026-03-13 14:30:00,Z02,Z01,7.22,48.58
T0898,V169,2026-03-13 14:45:00,Z02,Z02,21.55,30.88
T0211,V036,2026-03-13 14:45:00,Z01,Z02,21.15,65.47
T0188,V111,2026-03-13 15:00:00,Z01,Z04,5.16,37.6
T0414,V153,2026-03-13 15:30:00,Z03,Z03,5.0,59.45
T0888,V026,2026-03-13 15:45:00,Z03,Z01,10.85,37.46
T0480,V100,2026-03-13 16:00:00,Z04,Z02,22.09,28.48
T0430,V068,2026-03-13 16:45:00,Z03,Z04,12.23,32.67
T0107,V102,2026-03-13 17:00:00,Z01,Z03,11.65,13.35
T0528,V122,2026-03-13 17:00:00,Z04,Z04,12.79,14.97
T0555,V116,2026-03-13 17:15:00,Z04,Z03,17.81,12.72
T0540,V140,2026-03-13 17:45:00,Z03,Z02,9.89,20.53
T0034,V027,2026-03-13 17:45:00,Z04,Z03,20.97,38.33
T0306,V130,2026-03-13 18:30:00,Z04,Z01,7.67,23.9
T0389,V064,2026-03-13 19:00:00,Z03,Z02,22.61,46.78
T0030,V001,2026-03-13 19:00:00,Z03,Z04,23.99,52.48
T0672,V084,2026-03-13 19:00:00,Z01,Z04,10.24,47.68
T0873,V176,2026-03-13 19:15:00,Z04,Z02,4.82,21.85
T0224,V157,2026-03-13 19:15:00,Z02,Z01,5.28,72.26
T0640,V158,2026-03-13 19:45:00,Z04,Z01,5.15,57.95
T0084,V081,2026-03-13 20:30:00,Z01,Z04,19.97,70.1
T0210,V011,2026-03-13 21:00:00,Z02,Z01,18.82,36.79
T0644,V038,2026-03-13 21:15:00,Z01,Z03,11.19,32.76
T0713,V124,2026-03-13 21:15:00,Z01,Z01,4.01,73.02
T0614,V065,2026-03-13 21:45:00,Z01,Z01,15.87,12.94
T0721,V026,2026-03-13 22:15:00,Z03,Z03,16.24,26.44
T0657,V008,2026-03-13 23:30:00,Z02,Z02,4.25,16.59
T0068,V085,2026-03-14 00:45:00,Z04,Z04,20.56,18.65
T0618,V002,2026-03-14 00:45:00,Z03,Z02,5.23,34.35
T0750,V124,2026-03-14 01:30:00,Z02,Z03,22.75,12.94
T0606,V046,2026-03-14 01:30:00,Z02,Z04,22.38,21.19
T0099,V104,2026-03-14 01:45:00,Z04,Z01,14.03,11.42
T0001,V075,2026-03-14 02:00:00,Z01,Z02,16.33,49.91
T0103,V176,2026-03-14 02:00:00,Z02,Z03,21.59,43.96
T0871,V027,2026-03-14 03:00:00,Z03,Z04,17.45,67.39
T0216,V095,2026-03-14 03:15:00,Z04,Z01,3.25,26.29
T0710,V090,2026-03-14 03:45:00,Z01,Z01,10.58,24.36
T0061,V082,2026-03-14 04:00:00,Z04,Z01,22.97,34.53
T0686,V054,2026-03-14 04:00:00,Z02,Z01,3.48,9.5
T0508,V062,2026-03-14 04:30:00,Z02,Z01,23.99,29.06
T0814,V092,2026-03-14 05:30:00,Z03,Z01,17.29,20.82
T0593,V019,2026-03-14 05:30:00,Z01,Z04,8.38,11.71
T0150,V153,2026-03-14 06:00:00,Z01,Z01,7.56,74.04
T0356,V042,2026-03-14 06:30:00,Z04,Z03,6.69,47.19
T0860,V031,2026-03-14 06:45:00,Z03,Z03,2.95,42.94
T0444,V107,2026-03-14 07:00:00,Z04,Z04,9.7,73.36
T0773,V040,2026-03-14 07:15:00,Z01,Z02,6.41,26.99
T0674,V015,2026-03-14 08:15:00,Z04,Z01,23.4,51.2
T0191,V129,2026-03-14 08:30:00,Z02,Z04,6.68,74.42
T0886,V045,2026-03-14 08:30:00,Z02,Z04,6.83,72.11
T0398,V105,2026-03-14 09:00:00,Z03,Z04,14.38,51.2
T0366,V085,2026-03-14 09:00:00,Z02,Z04,6.38,28.36
T0171,V029,2026-03-14 09:30:00,Z01,Z01,3.46,27.19
T0062,V111,2026-03-14 09:45:00,Z04,Z03,11.99,31.1
T0777,V149,2026-03-14 09:45:00,Z02,Z01,11.04,8.79
T0682,V064,2026-03-14 10:00:00,Z03,Z01,13.24,68.64
T0775,V106,2026-03-14 10:45:00,Z01,Z02,9.39,19.28
T0104,V034,2026-03-14 11:00:00,Z03,Z04,13.69,70.38
T0764,V009,2026-03-14 11:00:00,Z04,Z01,13.89,51.17
T0796,V010,2026-03-14 11:00:00,Z03,Z04,6.53,39.57
T0433,V113,2026-03-14 11:15:00,Z01,Z03,23.47,20.59
T0506,V058,2026-03-14 11:45:00,Z01,Z01,21.44,37.2
T0823,V172,2026-03-14 12:00:00,Z02,Z01,4.46,71.82
T0147,V143,2026-03-14 12:15:00,Z02,Z02,18.28,55.95
T0357,V018,2026-03-14 13:00:00,Z01,Z02,3.34,68.5
T0227,V085,2026-03-14 13:15:00,Z04,Z03,3.86,33.33
T0589,V017,2026-03-14 13:30:00,Z03,Z01,15.83,71.41
T0025,V069,2026-03-14 13:45:00,Z03,Z04,16.02,12.12
T0560,V023,2026-03-14 13:45:00,Z03,Z02,22.1,64.13
T0693,V145,2026-03-14 14:00:00,Z02,Z01,20.04,24.41
T0578,V050,2026-03-14 14:45:00,Z04,Z03,14.8,13.45
T0853,V008,2026-03-14 15:00:00,Z03,Z04,14.45,61.83
T0600,V030,2026-03-14 15:15:00,Z03,Z01,18.37,38.58
T0748,V007,2026-03-14 15:45:00,Z04,Z01,6.14,13.2
T0766,V121,2026-03-14 16:15:00,Z04,Z02,19.88,19.66
T0535,V104,2026-03-14 16:15:00,Z02,Z01,18.08,21.3
T0095,V121,2026-03-14 16:30:00,Z01,Z01,7.48,62.59
T0445,V056,2026-03-14 16:30:00,Z01,Z01,21.01,10.54
T0648,V178,2026-03-14 16:45:00,Z01,Z02,8.12,72.57
T0594,V130,2026-03-14 17:00:00,Z02,Z04,7.58,24.4
T0677,V131,2026-03-14 17:45:00,Z01,Z04,8.64,22.81
T0810,V179,2026-03-14 18:00:00,Z03,Z01,9.96,61.6
T0283,V081,2026-03-14 18:00:00,Z01,Z04,19.93,53.06
T0507,V136,2026-03-14 18:30:00,Z01,Z01,14.96,53.83
T0335,V149,2026-03-14 18:30:00,Z02,Z03,18.74,23.42
T0831,V179,2026-03-14 18:45:00,Z03,Z03,7.57,72.12
T0825,V160,2026-03-14 18:45:00,Z02,Z04,14.41,58.65
T0559,V031,2026-03-14 19:00:00,Z02,Z04,17.64,49.83
T0076,V014,2026-03-14 19:15:00,Z01,Z01,19.7,8.58
T0590,V102,2026-03-14 19:15:00,Z04,Z01,17.3,47.56
T0230,V175,2026-03-14 19:30:00,Z01,Z02,3.76,33.87
T0786,V122,2026-03-14 19:45:00,Z03,Z04,23.32,41.27
T0048,V046,2026-03-14 20:00:00,Z02,Z04,13.31,11.35
T0832,V034,2026-03-14 20:30:00,Z01,Z03,22.07,35.03
T0221,V022,2026-03-14 20:45:00,Z03,Z03,12.05,28.61
T0737,V177,2026-03-14 21:15:00,Z03,Z04,7.59,53.27
T0272,V011,2026-03-14 21:15:00,Z01,Z04,7.94,52.2
T0198,V092,2026-03-14 22:00:00,Z04,Z04,20.42,67.47
T0665,V061,2026-03-14 22:15:00,Z01,Z02,12.43,71.06
T0753,V131,2026-03-14 22:30:00,Z02,Z03,21.83,53.04
T0857,V089,2026-03-14 22:45:00,Z03,Z03,6.17,30.7
T0794,V064,2026-03-14 23:00:00,Z01,Z04,19.35,73.73
T0846,V045,2026-03-14 23:30:00,Z04,Z04,16.58,48.01
T0344,V133,2026-03-14 23:30:00,Z03,Z03,14.83,45.78
T0176,V022,2026-03-15 00:00:00,Z02,Z03,14.88,73.59
T0880,V016,2026-03-15 00:00:00,Z02,Z04,12.22,61.36
T0675,V010,2026-03-15 00:00:00,Z02,Z01,21.15,57.18
T0377,V025,2026-03-15 00:15:00,Z02,Z02,3.01,47.44
T0173,V037,2026-03-15 00:15:00,Z01,Z04,5.32,14.74
T0432,V003,2026-03-15 00:15:00,Z02,Z02,21.74,59.56
T0167,V144,2026-03-15 00:30:00,Z01,Z03,19.03,31.65
T0679,V030,2026-03-15 00:45:00,Z04,Z04,21.89,48.74
T0140,V166,2026-03-15 01:00:00,Z01,Z01,4.31,47.99
T0616,V146,2026-03-15 01:15:00,Z03,Z03,10.44,65.08
T0349,V140,2026-03-15 02:00:00,Z02,Z03,10.99,23.07
T0639,V128,2026-03-15 02:45:00,Z03,Z04,14.02,40.0
T0799,V168,2026-03-15 03:45:00,Z03,Z02,12.41,29.77
T0015,V008,2026-03-15 03:45:00,Z01,Z03,19.33,30.89
T0152,V149,2026-03-15 04:00:00,Z01,Z03,22.68,62.31
T0463,V012,2026-03-15 04:15:00,Z01,Z04,6.92,8.27
T0279,V176,2026-03-15 04:45:00,Z03,Z02,21.4,15.45
T0215,V090,2026-03-15 05:00:00,Z03,Z04,10.5,74.41
T0053,V012,2026-03-15 05:00:00,Z01,Z03,12.7,68.74
T0238,V107,2026-03-15 05:15:00,Z02,Z01,14.78,61.95
T0749,V166,2026-03-15 05:30:00,Z03,Z02,18.36,57.98
T0819,V159,2026-03-15 05:30:00,Z03,Z04,21.96,23.89
T0017,V073,2026-03-15 06:00:00,Z02,Z04,19.96,33.69
T0280,V130,2026-03-15 06:30:00,Z03,Z02,8.93,46.62
T0116,V039,2026-03-15 06:45:00,Z01,Z03,23.18,47.15
T0289,V169,2026-03-15 07:45:00,Z02,Z02,2.7,13.25
T0077,V116,2026-03-15 08:45:00,Z04,Z01,22.33,49.6
T0273,V063,2026-03-15 09:00:00,Z04,Z03,13.15,13.47
T0635,V121,2026-03-15 09:15:00,Z03,Z04,11.84,14.54
T0650,V034,2026-03-15 09:45:00,Z02,Z03,9.9,12.33
T0727,V062,2026-03-15 10:00:00,Z04,Z02,9.72,26.8
T0481,V087,2026-03-15 10:45:00,Z04,Z01,7.63,46.42
T0645,V098,2026-03-15 11:00:00,Z04,Z04,4.23,52.34
T0673,V102,2026-03-15 11:15:00,Z04,Z04,7.11,12.96
T0566,V044,2026-03-15 11:30:00,Z01,Z01,2.75,48.28
T0513,V110,2026-03-15 11:45:00,Z01,Z01,6.4,66.23
T0843,V031,2026-03-15 12:00:00,Z01,Z02,4.32,25.32
T0738,V048,2026-03-15 12:15:00,Z01,Z03,19.95,22.64
T0338,V150,2026-03-15 14:00:00,Z02,Z01,23.65,12.46
T0781,V132,2026-03-15 14:15:00,Z01,Z04,21.69,29.22
T0431,V024,2026-03-15 15:00:00,Z03,Z02,23.64,56.27
T0334,V112,2026-03-15 15:15:00,Z01,Z03,9.54,17.47
T0434,V158,2026-03-15 15:45:00,Z02,Z01,23.02,71.12
T0882,V173,2026-03-15 16:00:00,Z03,Z01,5.03,67.3
T0515,V075,2026-03-15 16:00:00,Z04,Z02,7.81,22.5
T0134,V046,2026-03-15 16:15:00,Z04,Z01,21.54,21.71
T0007,V072,2026-03-15 16:15:00,Z03,Z03,23.01,51.5
T0020,V121,2026-03-15 17:00:00,Z02,Z02,15.33,73.34
T0286,V089,2026-03-15 17:30:00,Z01,Z03,13.71,35.76
T0205,V010,2026-03-15 17:30:00,Z02,Z01,13.91,11.98
T0879,V007,2026-03-15 17:45:00,Z03,Z01,7.77,12.38
T0269,V052,2026-03-15 17:45:00,Z04,Z03,19.23,49.65
T0364,V135,2026-03-15 18:15:00,Z02,Z01,22.64,34.97
T0264,V062,2026-03-15 18:15:00,Z02,Z03,18.73,8.07
T0065,V132,2026-03-15 18:15:00,Z04,Z01,7.99,14.14
T0070,V123,2026-03-15 18:30:00,Z04,Z04,11.28,63.48
T0512,V083,2026-03-15 18:45:00,Z03,Z02,14.35,32.61
T0598,V052,2026-03-15 18:45:00,Z02,Z04,15.0,44.13
T0117,V141,2026-03-15 20:00:00,Z01,Z02,19.84,71.39
T0243,V155,2026-03-15 20:00:00,Z01,Z01,7.93,50.63
T0802,V043,2026-03-15 20:00:00,Z01,Z01,5.32,62.49
T0395,V028,2026-03-15 20:30:00,Z03,Z02,13.8,12.48
T0360,V002,2026-03-15 22:00:00,Z02,Z03,23.4,21.54
T0379,V082,2026-03-15 22:00:00,Z02,Z03,21.6,36.49
T0884,V163,2026-03-15 23:00:00,Z04,Z02,20.05,19.74
